point,coordinates
1_Geneve_center,"6.082622,46.191428"
1_Geneve_vertex1,"6.085212,46.191459"
1_Geneve_vertex2,"6.083878,46.193002"
1_Geneve_vertex3,"6.081288,46.19297"
1_Geneve_vertex4,"6.080032,46.191397"
1_Geneve_vertex5,"6.081365,46.189855"
1_Geneve_vertex6,"6.083956,46.189886"
2_Geneve_center,"6.082544,46.194544"
2_Geneve_vertex1,"6.085134,46.194575"
2_Geneve_vertex2,"6.0838,46.196117"
2_Geneve_vertex3,"6.08121,46.196086"
2_Geneve_vertex4,"6.079954,46.194513"
3_Geneve_center,"6.082466,46.19766"
3_Geneve_vertex1,"6.085057,46.197691"
3_Geneve_vertex2,"6.083723,46.199233"
3_Geneve_vertex3,"6.081132,46.199202"
3_Geneve_vertex4,"6.079876,46.197628"
4_Geneve_center,"6.082389,46.200775"
4_Geneve_vertex1,"6.084979,46.200806"
4_Geneve_vertex2,"6.083645,46.202349"
4_Geneve_vertex3,"6.081054,46.202317"
4_Geneve_vertex4,"6.079798,46.200744"
5_Geneve_center,"6.082311,46.203891"
5_Geneve_vertex1,"6.084902,46.203922"
5_Geneve_vertex2,"6.083568,46.205464"
5_Geneve_vertex3,"6.080977,46.205433"
5_Geneve_vertex4,"6.07972,46.20386"
6_Geneve_center,"6.082233,46.207007"
6_Geneve_vertex1,"6.084824,46.207038"
6_Geneve_vertex2,"6.08349,46.20858"
6_Geneve_vertex3,"6.080899,46.208549"
6_Geneve_vertex4,"6.079642,46.206975"
7_Geneve_center,"6.082156,46.210122"
7_Geneve_vertex1,"6.084747,46.210153"
7_Geneve_vertex2,"6.083412,46.211696"
7_Geneve_vertex3,"6.080821,46.211665"
7_Geneve_vertex4,"6.079565,46.210091"
8_Geneve_center,"6.082078,46.213238"
8_Geneve_vertex1,"6.084669,46.213269"
8_Geneve_vertex2,"6.083335,46.214811"
8_Geneve_vertex3,"6.080743,46.21478"
8_Geneve_vertex4,"6.079487,46.213207"
9_Geneve_center,"6.082,46.216354"
9_Geneve_vertex1,"6.084592,46.216385"
9_Geneve_vertex2,"6.083257,46.217927"
9_Geneve_vertex3,"6.080666,46.217896"
9_Geneve_vertex4,"6.079409,46.216323"
10_Geneve_center,"6.086701,46.183686"
10_Geneve_vertex1,"6.08929,46.183717"
10_Geneve_vertex2,"6.087957,46.185259"
10_Geneve_vertex3,"6.085367,46.185228"
10_Geneve_vertex4,"6.084111,46.183654"
10_Geneve_vertex5,"6.085444,46.182112"
10_Geneve_vertex6,"6.088034,46.182143"
11_Geneve_center,"6.086623,46.186801"
11_Geneve_vertex1,"6.089213,46.186832"
11_Geneve_vertex2,"6.087879,46.188375"
11_Geneve_vertex3,"6.085289,46.188344"
11_Geneve_vertex4,"6.084033,46.18677"
12_Geneve_center,"6.086546,46.189917"
12_Geneve_vertex1,"6.089136,46.189948"
12_Geneve_vertex2,"6.087802,46.19149"
13_Geneve_center,"6.086468,46.193033"
13_Geneve_vertex1,"6.089059,46.193064"
13_Geneve_vertex2,"6.087725,46.194606"
14_Geneve_center,"6.086391,46.196148"
14_Geneve_vertex1,"6.088981,46.196179"
14_Geneve_vertex2,"6.087647,46.197722"
15_Geneve_center,"6.086313,46.199264"
15_Geneve_vertex1,"6.088904,46.199295"
15_Geneve_vertex2,"6.08757,46.200837"
16_Geneve_center,"6.086236,46.20238"
16_Geneve_vertex1,"6.088827,46.202411"
16_Geneve_vertex2,"6.087493,46.203953"
17_Geneve_center,"6.086158,46.205495"
17_Geneve_vertex1,"6.088749,46.205526"
17_Geneve_vertex2,"6.087415,46.207069"
18_Geneve_center,"6.086081,46.208611"
18_Geneve_vertex1,"6.088672,46.208642"
18_Geneve_vertex2,"6.087338,46.210184"
19_Geneve_center,"6.086003,46.211727"
19_Geneve_vertex1,"6.088595,46.211758"
19_Geneve_vertex2,"6.08726,46.2133"
20_Geneve_center,"6.085926,46.214843"
20_Geneve_vertex1,"6.088517,46.214874"
20_Geneve_vertex2,"6.087183,46.216416"
21_Geneve_center,"6.085848,46.217958"
21_Geneve_vertex1,"6.08844,46.217989"
21_Geneve_vertex2,"6.087105,46.219532"
21_Geneve_vertex3,"6.084514,46.219501"
22_Geneve_center,"6.085771,46.221074"
22_Geneve_vertex1,"6.088363,46.221105"
22_Geneve_vertex2,"6.087028,46.222647"
22_Geneve_vertex3,"6.084436,46.222616"
22_Geneve_vertex4,"6.083179,46.221043"
23_Geneve_center,"6.085693,46.22419"
23_Geneve_vertex1,"6.088285,46.224221"
23_Geneve_vertex2,"6.086951,46.225763"
23_Geneve_vertex3,"6.084359,46.225732"
23_Geneve_vertex4,"6.083102,46.224159"
24_Geneve_center,"6.090701,46.179058"
24_Geneve_vertex1,"6.093291,46.179089"
24_Geneve_vertex2,"6.091957,46.180632"
24_Geneve_vertex3,"6.089368,46.180601"
24_Geneve_vertex4,"6.088111,46.179027"
24_Geneve_vertex5,"6.089445,46.177485"
24_Geneve_vertex6,"6.092034,46.177516"
25_Geneve_center,"6.090624,46.182174"
25_Geneve_vertex1,"6.093214,46.182205"
25_Geneve_vertex2,"6.09188,46.183747"
26_Geneve_center,"6.090547,46.18529"
26_Geneve_vertex1,"6.093137,46.185321"
26_Geneve_vertex2,"6.091803,46.186863"
27_Geneve_center,"6.090469,46.188406"
27_Geneve_vertex1,"6.09306,46.188436"
27_Geneve_vertex2,"6.091726,46.189979"
28_Geneve_center,"6.090392,46.191521"
28_Geneve_vertex1,"6.092982,46.191552"
28_Geneve_vertex2,"6.091649,46.193095"
29_Geneve_center,"6.090315,46.194637"
29_Geneve_vertex1,"6.092905,46.194668"
29_Geneve_vertex2,"6.091572,46.19621"
30_Geneve_center,"6.090238,46.197753"
30_Geneve_vertex1,"6.092828,46.197784"
30_Geneve_vertex2,"6.091494,46.199326"
31_Geneve_center,"6.090161,46.200868"
31_Geneve_vertex1,"6.092751,46.200899"
31_Geneve_vertex2,"6.091417,46.202442"
32_Geneve_center,"6.090083,46.203984"
32_Geneve_vertex1,"6.092674,46.204015"
32_Geneve_vertex2,"6.09134,46.205557"
33_Geneve_center,"6.090006,46.2071"
33_Geneve_vertex1,"6.092597,46.207131"
33_Geneve_vertex2,"6.091263,46.208673"
34_Geneve_center,"6.089929,46.210215"
34_Geneve_vertex1,"6.09252,46.210246"
34_Geneve_vertex2,"6.091186,46.211789"
35_Geneve_center,"6.089852,46.213331"
35_Geneve_vertex1,"6.092443,46.213362"
35_Geneve_vertex2,"6.091109,46.214905"
36_Geneve_center,"6.089774,46.216447"
36_Geneve_vertex1,"6.092366,46.216478"
36_Geneve_vertex2,"6.091031,46.21802"
37_Geneve_center,"6.089697,46.219563"
37_Geneve_vertex1,"6.092289,46.219594"
37_Geneve_vertex2,"6.090954,46.221136"
38_Geneve_center,"6.08962,46.222678"
38_Geneve_vertex1,"6.092211,46.222709"
38_Geneve_vertex2,"6.090877,46.224252"
39_Geneve_center,"6.089542,46.225794"
39_Geneve_vertex1,"6.092134,46.225825"
39_Geneve_vertex2,"6.0908,46.227367"
39_Geneve_vertex3,"6.088208,46.227336"
40_Geneve_center,"6.089465,46.22891"
40_Geneve_vertex1,"6.092057,46.228941"
40_Geneve_vertex2,"6.090722,46.230483"
40_Geneve_vertex3,"6.08813,46.230452"
40_Geneve_vertex4,"6.086873,46.228879"
41_Geneve_center,"6.094624,46.177547"
41_Geneve_vertex1,"6.097213,46.177578"
41_Geneve_vertex2,"6.09588,46.17912"
41_Geneve_vertex5,"6.093368,46.175974"
41_Geneve_vertex6,"6.095957,46.176005"
42_Geneve_center,"6.094547,46.180663"
42_Geneve_vertex1,"6.097137,46.180693"
42_Geneve_vertex2,"6.095803,46.182236"
43_Geneve_center,"6.09447,46.183778"
43_Geneve_vertex1,"6.09706,46.183809"
43_Geneve_vertex2,"6.095726,46.185352"
44_Geneve_center,"6.094393,46.186894"
44_Geneve_vertex1,"6.096983,46.186925"
44_Geneve_vertex2,"6.09565,46.188467"
45_Geneve_center,"6.094316,46.19001"
45_Geneve_vertex1,"6.096906,46.190041"
45_Geneve_vertex2,"6.095573,46.191583"
46_Geneve_center,"6.094239,46.193125"
46_Geneve_vertex1,"6.096829,46.193156"
46_Geneve_vertex2,"6.095496,46.194699"
47_Geneve_center,"6.094162,46.196241"
47_Geneve_vertex1,"6.096752,46.196272"
47_Geneve_vertex2,"6.095419,46.197814"
48_Geneve_center,"6.094085,46.199357"
48_Geneve_vertex1,"6.096676,46.199388"
48_Geneve_vertex2,"6.095342,46.20093"
49_Geneve_center,"6.094008,46.202473"
49_Geneve_vertex1,"6.096599,46.202503"
49_Geneve_vertex2,"6.095265,46.204046"
50_Geneve_center,"6.093931,46.205588"
50_Geneve_vertex1,"6.096522,46.205619"
50_Geneve_vertex2,"6.095188,46.207162"
51_Geneve_center,"6.093854,46.208704"
51_Geneve_vertex1,"6.096445,46.208735"
51_Geneve_vertex2,"6.095111,46.210277"
52_Geneve_center,"6.093777,46.21182"
52_Geneve_vertex1,"6.096368,46.211851"
52_Geneve_vertex2,"6.095034,46.213393"
53_Geneve_center,"6.0937,46.214935"
53_Geneve_vertex1,"6.096291,46.214966"
53_Geneve_vertex2,"6.094957,46.216509"
54_Geneve_center,"6.093623,46.218051"
54_Geneve_vertex1,"6.096214,46.218082"
54_Geneve_vertex2,"6.09488,46.219624"
55_Geneve_center,"6.093546,46.221167"
55_Geneve_vertex1,"6.096137,46.221198"
55_Geneve_vertex2,"6.094803,46.22274"
56_Geneve_center,"6.093469,46.224283"
56_Geneve_vertex1,"6.09606,46.224313"
56_Geneve_vertex2,"6.094726,46.225856"
57_Geneve_center,"6.093392,46.227398"
57_Geneve_vertex1,"6.095983,46.227429"
57_Geneve_vertex2,"6.094649,46.228972"
58_Geneve_center,"6.093314,46.230514"
58_Geneve_vertex1,"6.095907,46.230545"
58_Geneve_vertex2,"6.094572,46.232087"
58_Geneve_vertex3,"6.09198,46.232056"
59_Geneve_center,"6.098623,46.17292"
59_Geneve_vertex1,"6.101213,46.17295"
59_Geneve_vertex2,"6.09988,46.174493"
59_Geneve_vertex3,"6.09729,46.174462"
59_Geneve_vertex4,"6.096034,46.172889"
59_Geneve_vertex5,"6.097367,46.171346"
59_Geneve_vertex6,"6.099956,46.171377"
60_Geneve_center,"6.098547,46.176035"
60_Geneve_vertex1,"6.101136,46.176066"
60_Geneve_vertex2,"6.099803,46.177609"
61_Geneve_center,"6.09847,46.179151"
61_Geneve_vertex1,"6.101059,46.179182"
61_Geneve_vertex2,"6.099726,46.180724"
62_Geneve_center,"6.098393,46.182267"
62_Geneve_vertex1,"6.100983,46.182297"
62_Geneve_vertex2,"6.09965,46.18384"
63_Geneve_center,"6.098316,46.185382"
63_Geneve_vertex1,"6.100906,46.185413"
63_Geneve_vertex2,"6.099573,46.186956"
64_Geneve_center,"6.09824,46.188498"
64_Geneve_vertex1,"6.10083,46.188529"
64_Geneve_vertex2,"6.099496,46.190071"
65_Geneve_center,"6.098163,46.191614"
65_Geneve_vertex1,"6.100753,46.191645"
65_Geneve_vertex2,"6.09942,46.193187"
66_Geneve_center,"6.098086,46.19473"
66_Geneve_vertex1,"6.100676,46.19476"
66_Geneve_vertex2,"6.099343,46.196303"
67_Geneve_center,"6.098009,46.197845"
67_Geneve_vertex1,"6.1006,46.197876"
67_Geneve_vertex2,"6.099266,46.199419"
68_Geneve_center,"6.097933,46.200961"
68_Geneve_vertex1,"6.100523,46.200992"
68_Geneve_vertex2,"6.099189,46.202534"
69_Geneve_center,"6.097856,46.204077"
69_Geneve_vertex1,"6.100447,46.204107"
69_Geneve_vertex2,"6.099113,46.20565"
70_Geneve_center,"6.097779,46.207192"
70_Geneve_vertex1,"6.10037,46.207223"
70_Geneve_vertex2,"6.099036,46.208766"
71_Geneve_center,"6.097702,46.210308"
71_Geneve_vertex1,"6.100293,46.210339"
71_Geneve_vertex2,"6.098959,46.211881"
72_Geneve_center,"6.097625,46.213424"
72_Geneve_vertex1,"6.100217,46.213455"
72_Geneve_vertex2,"6.098883,46.214997"
73_Geneve_center,"6.097548,46.21654"
73_Geneve_vertex1,"6.10014,46.21657"
73_Geneve_vertex2,"6.098806,46.218113"
74_Geneve_center,"6.097472,46.219655"
74_Geneve_vertex1,"6.100063,46.219686"
74_Geneve_vertex2,"6.098729,46.221229"
75_Geneve_center,"6.097395,46.222771"
75_Geneve_vertex1,"6.099986,46.222802"
75_Geneve_vertex2,"6.098652,46.224344"
76_Geneve_center,"6.097318,46.225887"
76_Geneve_vertex1,"6.09991,46.225917"
76_Geneve_vertex2,"6.098575,46.22746"
77_Geneve_center,"6.097241,46.229002"
77_Geneve_vertex1,"6.099833,46.229033"
77_Geneve_vertex2,"6.098499,46.230576"
78_Geneve_center,"6.097164,46.232118"
78_Geneve_vertex1,"6.099756,46.232149"
78_Geneve_vertex2,"6.098422,46.233691"
78_Geneve_vertex3,"6.09583,46.233661"
79_Geneve_center,"6.097087,46.235234"
79_Geneve_vertex1,"6.09968,46.235265"
79_Geneve_vertex2,"6.098345,46.236807"
79_Geneve_vertex3,"6.095753,46.236776"
79_Geneve_vertex4,"6.094495,46.235203"
80_Geneve_center,"6.102546,46.171408"
80_Geneve_vertex1,"6.105135,46.171439"
80_Geneve_vertex2,"6.103802,46.172981"
80_Geneve_vertex5,"6.101289,46.169835"
80_Geneve_vertex6,"6.103878,46.169865"
81_Geneve_center,"6.102469,46.174524"
81_Geneve_vertex1,"6.105058,46.174554"
81_Geneve_vertex2,"6.103726,46.176097"
82_Geneve_center,"6.102393,46.177639"
82_Geneve_vertex1,"6.104982,46.17767"
82_Geneve_vertex2,"6.103649,46.179212"
83_Geneve_center,"6.102316,46.180755"
83_Geneve_vertex1,"6.104906,46.180786"
83_Geneve_vertex2,"6.103573,46.182328"
84_Geneve_center,"6.10224,46.183871"
84_Geneve_vertex1,"6.104829,46.183901"
84_Geneve_vertex2,"6.103496,46.185444"
85_Geneve_center,"6.102163,46.186986"
85_Geneve_vertex1,"6.104753,46.187017"
85_Geneve_vertex2,"6.10342,46.18856"
86_Geneve_center,"6.102086,46.190102"
86_Geneve_vertex1,"6.104677,46.190133"
86_Geneve_vertex2,"6.103343,46.191675"
87_Geneve_center,"6.10201,46.193218"
87_Geneve_vertex1,"6.1046,46.193248"
87_Geneve_vertex2,"6.103267,46.194791"
88_Geneve_center,"6.101933,46.196334"
88_Geneve_vertex1,"6.104524,46.196364"
88_Geneve_vertex2,"6.10319,46.197907"
89_Geneve_center,"6.101857,46.199449"
89_Geneve_vertex1,"6.104447,46.19948"
89_Geneve_vertex2,"6.103114,46.201022"
90_Geneve_center,"6.10178,46.202565"
90_Geneve_vertex1,"6.104371,46.202596"
90_Geneve_vertex2,"6.103037,46.204138"
91_Geneve_center,"6.101704,46.205681"
91_Geneve_vertex1,"6.104295,46.205711"
91_Geneve_vertex2,"6.102961,46.207254"
92_Geneve_center,"6.101627,46.208796"
92_Geneve_vertex1,"6.104218,46.208827"
92_Geneve_vertex2,"6.102884,46.21037"
93_Geneve_center,"6.10155,46.211912"
93_Geneve_vertex1,"6.104142,46.211943"
93_Geneve_vertex2,"6.102808,46.213485"
94_Geneve_center,"6.101474,46.215028"
94_Geneve_vertex1,"6.104065,46.215059"
94_Geneve_vertex2,"6.102731,46.216601"
95_Geneve_center,"6.101397,46.218144"
95_Geneve_vertex1,"6.103989,46.218174"
95_Geneve_vertex2,"6.102655,46.219717"
96_Geneve_center,"6.101321,46.221259"
96_Geneve_vertex1,"6.103912,46.22129"
96_Geneve_vertex2,"6.102578,46.222832"
97_Geneve_center,"6.101244,46.224375"
97_Geneve_vertex1,"6.103836,46.224406"
97_Geneve_vertex2,"6.102502,46.225948"
98_Geneve_center,"6.101167,46.227491"
98_Geneve_vertex1,"6.103759,46.227521"
98_Geneve_vertex2,"6.102425,46.229064"
99_Geneve_center,"6.101091,46.230606"
99_Geneve_vertex1,"6.103683,46.230637"
99_Geneve_vertex2,"6.102348,46.23218"
100_Geneve_center,"6.101014,46.233722"
100_Geneve_vertex1,"6.103606,46.233753"
100_Geneve_vertex2,"6.102272,46.235295"
101_Geneve_center,"6.100937,46.236838"
101_Geneve_vertex1,"6.10353,46.236869"
101_Geneve_vertex2,"6.102195,46.238411"
101_Geneve_vertex3,"6.099603,46.23838"
102_Geneve_center,"6.106468,46.169896"
102_Geneve_vertex1,"6.109057,46.169927"
102_Geneve_vertex2,"6.107724,46.171469"
102_Geneve_vertex5,"6.105211,46.168323"
102_Geneve_vertex6,"6.1078,46.168353"
103_Geneve_center,"6.106391,46.173012"
103_Geneve_vertex1,"6.108981,46.173042"
103_Geneve_vertex2,"6.107648,46.174585"
104_Geneve_center,"6.106315,46.176127"
104_Geneve_vertex1,"6.108904,46.176158"
104_Geneve_vertex2,"6.107572,46.177701"
105_Geneve_center,"6.106239,46.179243"
105_Geneve_vertex1,"6.108828,46.179274"
105_Geneve_vertex2,"6.107495,46.180816"
106_Geneve_center,"6.106162,46.182359"
106_Geneve_vertex1,"6.108752,46.182389"
106_Geneve_vertex2,"6.107419,46.183932"
107_Geneve_center,"6.106086,46.185475"
107_Geneve_vertex1,"6.108676,46.185505"
107_Geneve_vertex2,"6.107343,46.187048"
108_Geneve_center,"6.10601,46.18859"
108_Geneve_vertex1,"6.1086,46.188621"
108_Geneve_vertex2,"6.107267,46.190163"
109_Geneve_center,"6.105933,46.191706"
109_Geneve_vertex1,"6.108524,46.191737"
109_Geneve_vertex2,"6.10719,46.193279"
110_Geneve_center,"6.105857,46.194822"
110_Geneve_vertex1,"6.108448,46.194852"
110_Geneve_vertex2,"6.107114,46.196395"
111_Geneve_center,"6.105781,46.197937"
111_Geneve_vertex1,"6.108371,46.197968"
111_Geneve_vertex2,"6.107038,46.199511"
112_Geneve_center,"6.105704,46.201053"
112_Geneve_vertex1,"6.108295,46.201084"
112_Geneve_vertex2,"6.106962,46.202626"
113_Geneve_center,"6.105628,46.204169"
113_Geneve_vertex1,"6.108219,46.204199"
113_Geneve_vertex2,"6.106885,46.205742"
114_Geneve_center,"6.105552,46.207285"
114_Geneve_vertex1,"6.108143,46.207315"
114_Geneve_vertex2,"6.106809,46.208858"
115_Geneve_center,"6.105475,46.2104"
115_Geneve_vertex1,"6.108066,46.210431"
115_Geneve_vertex2,"6.106733,46.211973"
116_Geneve_center,"6.105399,46.213516"
116_Geneve_vertex1,"6.10799,46.213547"
116_Geneve_vertex2,"6.106656,46.215089"
117_Geneve_center,"6.105323,46.216632"
117_Geneve_vertex1,"6.107914,46.216662"
117_Geneve_vertex2,"6.10658,46.218205"
118_Geneve_center,"6.105246,46.219747"
118_Geneve_vertex1,"6.107838,46.219778"
118_Geneve_vertex2,"6.106504,46.221321"
119_Geneve_center,"6.10517,46.222863"
119_Geneve_vertex1,"6.107762,46.222894"
119_Geneve_vertex2,"6.106427,46.224436"
120_Geneve_center,"6.105093,46.225979"
120_Geneve_vertex1,"6.107685,46.226009"
120_Geneve_vertex2,"6.106351,46.227552"
121_Geneve_center,"6.105017,46.229095"
121_Geneve_vertex1,"6.107609,46.229125"
121_Geneve_vertex2,"6.106275,46.230668"
122_Geneve_center,"6.104941,46.23221"
122_Geneve_vertex1,"6.107533,46.232241"
122_Geneve_vertex2,"6.106198,46.233783"
123_Geneve_center,"6.104864,46.235326"
123_Geneve_vertex1,"6.107456,46.235357"
123_Geneve_vertex2,"6.106122,46.236899"
124_Geneve_center,"6.104788,46.238442"
124_Geneve_vertex1,"6.10738,46.238472"
124_Geneve_vertex2,"6.106046,46.240015"
124_Geneve_vertex3,"6.103453,46.239984"
125_Geneve_center,"6.110389,46.168384"
125_Geneve_vertex1,"6.112978,46.168414"
125_Geneve_vertex2,"6.111646,46.169957"
125_Geneve_vertex5,"6.109133,46.166811"
125_Geneve_vertex6,"6.111722,46.166841"
126_Geneve_center,"6.110313,46.1715"
126_Geneve_vertex1,"6.112903,46.17153"
126_Geneve_vertex2,"6.11157,46.173073"
127_Geneve_center,"6.110237,46.174615"
127_Geneve_vertex1,"6.112827,46.174646"
127_Geneve_vertex2,"6.111494,46.176188"
128_Geneve_center,"6.110161,46.177731"
128_Geneve_vertex1,"6.112751,46.177762"
128_Geneve_vertex2,"6.111418,46.179304"
129_Geneve_center,"6.110085,46.180847"
129_Geneve_vertex1,"6.112675,46.180877"
129_Geneve_vertex2,"6.111342,46.18242"
130_Geneve_center,"6.110009,46.183962"
130_Geneve_vertex1,"6.112599,46.183993"
130_Geneve_vertex2,"6.111266,46.185536"
131_Geneve_center,"6.109933,46.187078"
131_Geneve_vertex1,"6.112523,46.187109"
131_Geneve_vertex2,"6.11119,46.188651"
132_Geneve_center,"6.109857,46.190194"
132_Geneve_vertex1,"6.112447,46.190224"
132_Geneve_vertex2,"6.111114,46.191767"
133_Geneve_center,"6.109781,46.19331"
133_Geneve_vertex1,"6.112371,46.19334"
133_Geneve_vertex2,"6.111038,46.194883"
134_Geneve_center,"6.109705,46.196425"
134_Geneve_vertex1,"6.112295,46.196456"
134_Geneve_vertex2,"6.110962,46.197998"
135_Geneve_center,"6.109629,46.199541"
135_Geneve_vertex1,"6.112219,46.199572"
135_Geneve_vertex2,"6.110886,46.201114"
136_Geneve_center,"6.109552,46.202657"
136_Geneve_vertex1,"6.112143,46.202687"
136_Geneve_vertex2,"6.11081,46.20423"
137_Geneve_center,"6.109476,46.205773"
137_Geneve_vertex1,"6.112067,46.205803"
137_Geneve_vertex2,"6.110734,46.207346"
138_Geneve_center,"6.1094,46.208888"
138_Geneve_vertex1,"6.111991,46.208919"
138_Geneve_vertex2,"6.110658,46.210461"
139_Geneve_center,"6.109324,46.212004"
139_Geneve_vertex1,"6.111915,46.212034"
139_Geneve_vertex2,"6.110582,46.213577"
140_Geneve_center,"6.109248,46.21512"
140_Geneve_vertex1,"6.111839,46.21515"
140_Geneve_vertex2,"6.110505,46.216693"
141_Geneve_center,"6.109172,46.218235"
141_Geneve_vertex1,"6.111763,46.218266"
141_Geneve_vertex2,"6.110429,46.219809"
142_Geneve_center,"6.109095,46.221351"
142_Geneve_vertex1,"6.111687,46.221382"
142_Geneve_vertex2,"6.110353,46.222924"
143_Geneve_center,"6.109019,46.224467"
143_Geneve_vertex1,"6.111611,46.224497"
143_Geneve_vertex2,"6.110277,46.22604"
144_Geneve_center,"6.108943,46.227583"
144_Geneve_vertex1,"6.111535,46.227613"
144_Geneve_vertex2,"6.110201,46.229156"
145_Geneve_center,"6.108867,46.230698"
145_Geneve_vertex1,"6.111459,46.230729"
145_Geneve_vertex2,"6.110125,46.232271"
146_Geneve_center,"6.108791,46.233814"
146_Geneve_vertex1,"6.111383,46.233845"
146_Geneve_vertex2,"6.110049,46.235387"
147_Geneve_center,"6.108714,46.23693"
147_Geneve_vertex1,"6.111307,46.23696"
147_Geneve_vertex2,"6.109973,46.238503"
148_Geneve_center,"6.108638,46.240045"
148_Geneve_vertex1,"6.111231,46.240076"
148_Geneve_vertex2,"6.109896,46.241619"
148_Geneve_vertex3,"6.107304,46.241588"
149_Geneve_center,"6.114311,46.166872"
149_Geneve_vertex1,"6.1169,46.166902"
149_Geneve_vertex2,"6.115568,46.168445"
149_Geneve_vertex5,"6.113054,46.165299"
149_Geneve_vertex6,"6.115643,46.165329"
150_Geneve_center,"6.114235,46.169987"
150_Geneve_vertex1,"6.116824,46.170018"
150_Geneve_vertex2,"6.115492,46.171561"
151_Geneve_center,"6.114159,46.173103"
151_Geneve_vertex1,"6.116749,46.173134"
151_Geneve_vertex2,"6.115416,46.174676"
152_Geneve_center,"6.114083,46.176219"
152_Geneve_vertex1,"6.116673,46.176249"
152_Geneve_vertex2,"6.11534,46.177792"
153_Geneve_center,"6.114008,46.179335"
153_Geneve_vertex1,"6.116597,46.179365"
153_Geneve_vertex2,"6.115265,46.180908"
154_Geneve_center,"6.113932,46.18245"
154_Geneve_vertex1,"6.116522,46.182481"
154_Geneve_vertex2,"6.115189,46.184023"
155_Geneve_center,"6.113856,46.185566"
155_Geneve_vertex1,"6.116446,46.185596"
155_Geneve_vertex2,"6.115113,46.187139"
156_Geneve_center,"6.11378,46.188682"
156_Geneve_vertex1,"6.11637,46.188712"
156_Geneve_vertex2,"6.115037,46.190255"
157_Geneve_center,"6.113704,46.191797"
157_Geneve_vertex1,"6.116294,46.191828"
157_Geneve_vertex2,"6.114961,46.193371"
158_Geneve_center,"6.113628,46.194913"
158_Geneve_vertex1,"6.116219,46.194944"
158_Geneve_vertex2,"6.114886,46.196486"
159_Geneve_center,"6.113552,46.198029"
159_Geneve_vertex1,"6.116143,46.198059"
159_Geneve_vertex2,"6.11481,46.199602"
160_Geneve_center,"6.113476,46.201145"
160_Geneve_vertex1,"6.116067,46.201175"
160_Geneve_vertex2,"6.114734,46.202718"
161_Geneve_center,"6.113401,46.20426"
161_Geneve_vertex1,"6.115991,46.204291"
161_Geneve_vertex2,"6.114658,46.205833"
162_Geneve_center,"6.113325,46.207376"
162_Geneve_vertex1,"6.115916,46.207406"
162_Geneve_vertex2,"6.114582,46.208949"
163_Geneve_center,"6.113249,46.210492"
163_Geneve_vertex1,"6.11584,46.210522"
163_Geneve_vertex2,"6.114506,46.212065"
164_Geneve_center,"6.113173,46.213608"
164_Geneve_vertex1,"6.115764,46.213638"
164_Geneve_vertex2,"6.11443,46.215181"
165_Geneve_center,"6.113097,46.216723"
165_Geneve_vertex1,"6.115688,46.216754"
165_Geneve_vertex2,"6.114355,46.218296"
166_Geneve_center,"6.113021,46.219839"
166_Geneve_vertex1,"6.115612,46.219869"
166_Geneve_vertex2,"6.114279,46.221412"
167_Geneve_center,"6.112945,46.222955"
167_Geneve_vertex1,"6.115537,46.222985"
167_Geneve_vertex2,"6.114203,46.224528"
168_Geneve_center,"6.112869,46.22607"
168_Geneve_vertex1,"6.115461,46.226101"
168_Geneve_vertex2,"6.114127,46.227644"
169_Geneve_center,"6.112793,46.229186"
169_Geneve_vertex1,"6.115385,46.229217"
169_Geneve_vertex2,"6.114051,46.230759"
170_Geneve_center,"6.112717,46.232302"
170_Geneve_vertex1,"6.115309,46.232332"
170_Geneve_vertex2,"6.113975,46.233875"
171_Geneve_center,"6.112641,46.235418"
171_Geneve_vertex1,"6.115233,46.235448"
171_Geneve_vertex2,"6.113899,46.236991"
172_Geneve_center,"6.112565,46.238533"
172_Geneve_vertex1,"6.115157,46.238564"
172_Geneve_vertex2,"6.113823,46.240106"
173_Geneve_center,"6.112489,46.241649"
173_Geneve_vertex1,"6.115082,46.241679"
173_Geneve_vertex2,"6.113747,46.243222"
173_Geneve_vertex3,"6.111155,46.243192"
174_Geneve_center,"6.118232,46.165359"
174_Geneve_vertex1,"6.120821,46.16539"
174_Geneve_vertex2,"6.119489,46.166932"
174_Geneve_vertex5,"6.116976,46.163786"
174_Geneve_vertex6,"6.119564,46.163817"
175_Geneve_center,"6.118157,46.168475"
175_Geneve_vertex1,"6.120746,46.168505"
175_Geneve_vertex2,"6.119413,46.170048"
176_Geneve_center,"6.118081,46.171591"
176_Geneve_vertex1,"6.12067,46.171621"
176_Geneve_vertex2,"6.119338,46.173164"
177_Geneve_center,"6.118005,46.174707"
177_Geneve_vertex1,"6.120595,46.174737"
177_Geneve_vertex2,"6.119262,46.17628"
178_Geneve_center,"6.11793,46.177822"
178_Geneve_vertex1,"6.120519,46.177853"
178_Geneve_vertex2,"6.119187,46.179395"
179_Geneve_center,"6.117854,46.180938"
179_Geneve_vertex1,"6.120444,46.180968"
179_Geneve_vertex2,"6.119111,46.182511"
180_Geneve_center,"6.117779,46.184054"
180_Geneve_vertex1,"6.120368,46.184084"
180_Geneve_vertex2,"6.119036,46.185627"
181_Geneve_center,"6.117703,46.187169"
181_Geneve_vertex1,"6.120293,46.1872"
181_Geneve_vertex2,"6.11896,46.188742"
182_Geneve_center,"6.117627,46.190285"
182_Geneve_vertex1,"6.120217,46.190316"
182_Geneve_vertex2,"6.118885,46.191858"
183_Geneve_center,"6.117552,46.193401"
183_Geneve_vertex1,"6.120142,46.193431"
183_Geneve_vertex2,"6.118809,46.194974"
184_Geneve_center,"6.117476,46.196517"
184_Geneve_vertex1,"6.120066,46.196547"
184_Geneve_vertex2,"6.118733,46.19809"
185_Geneve_center,"6.1174,46.199632"
185_Geneve_vertex1,"6.119991,46.199663"
185_Geneve_vertex2,"6.118658,46.201205"
186_Geneve_center,"6.117325,46.202748"
186_Geneve_vertex1,"6.119915,46.202778"
186_Geneve_vertex2,"6.118582,46.204321"
187_Geneve_center,"6.117249,46.205864"
187_Geneve_vertex1,"6.11984,46.205894"
187_Geneve_vertex2,"6.118507,46.207437"
188_Geneve_center,"6.117173,46.20898"
188_Geneve_vertex1,"6.119764,46.20901"
188_Geneve_vertex2,"6.118431,46.210553"
189_Geneve_center,"6.117098,46.212095"
189_Geneve_vertex1,"6.119689,46.212126"
189_Geneve_vertex2,"6.118355,46.213668"
190_Geneve_center,"6.117022,46.215211"
190_Geneve_vertex1,"6.119613,46.215241"
190_Geneve_vertex2,"6.11828,46.216784"
191_Geneve_center,"6.116946,46.218327"
191_Geneve_vertex1,"6.119538,46.218357"
191_Geneve_vertex2,"6.118204,46.2199"
192_Geneve_center,"6.11687,46.221442"
192_Geneve_vertex1,"6.119462,46.221473"
192_Geneve_vertex2,"6.118128,46.223015"
193_Geneve_center,"6.116795,46.224558"
193_Geneve_vertex1,"6.119386,46.224588"
193_Geneve_vertex2,"6.118053,46.226131"
194_Geneve_center,"6.116719,46.227674"
194_Geneve_vertex1,"6.119311,46.227704"
194_Geneve_vertex2,"6.117977,46.229247"
195_Geneve_center,"6.116643,46.23079"
195_Geneve_vertex1,"6.119235,46.23082"
195_Geneve_vertex2,"6.117901,46.232363"
196_Geneve_center,"6.116567,46.233905"
196_Geneve_vertex1,"6.11916,46.233936"
196_Geneve_vertex2,"6.117826,46.235478"
197_Geneve_center,"6.116492,46.237021"
197_Geneve_vertex1,"6.119084,46.237051"
197_Geneve_vertex2,"6.11775,46.238594"
198_Geneve_center,"6.116416,46.240137"
198_Geneve_vertex1,"6.119008,46.240167"
198_Geneve_vertex2,"6.117674,46.24171"
199_Geneve_center,"6.11634,46.243253"
199_Geneve_vertex1,"6.118933,46.243283"
199_Geneve_vertex2,"6.117598,46.244826"
199_Geneve_vertex3,"6.115006,46.244795"
200_Geneve_center,"6.122153,46.163847"
200_Geneve_vertex1,"6.124742,46.163877"
200_Geneve_vertex2,"6.12341,46.16542"
200_Geneve_vertex5,"6.120897,46.162274"
200_Geneve_vertex6,"6.123485,46.162304"
201_Geneve_center,"6.122078,46.166963"
201_Geneve_vertex1,"6.124667,46.166993"
201_Geneve_vertex2,"6.123335,46.168536"
202_Geneve_center,"6.122003,46.170078"
202_Geneve_vertex1,"6.124592,46.170109"
202_Geneve_vertex2,"6.12326,46.171651"
203_Geneve_center,"6.121927,46.173194"
203_Geneve_vertex1,"6.124517,46.173224"
203_Geneve_vertex2,"6.123184,46.174767"
204_Geneve_center,"6.121852,46.17631"
204_Geneve_vertex1,"6.124441,46.17634"
204_Geneve_vertex2,"6.123109,46.177883"
205_Geneve_center,"6.121776,46.179426"
205_Geneve_vertex1,"6.124366,46.179456"
205_Geneve_vertex2,"6.123034,46.180999"
206_Geneve_center,"6.121701,46.182541"
206_Geneve_vertex1,"6.124291,46.182572"
206_Geneve_vertex2,"6.122958,46.184114"
207_Geneve_center,"6.121626,46.185657"
207_Geneve_vertex1,"6.124216,46.185687"
207_Geneve_vertex2,"6.122883,46.18723"
208_Geneve_center,"6.12155,46.188773"
208_Geneve_vertex1,"6.12414,46.188803"
208_Geneve_vertex2,"6.122808,46.190346"
209_Geneve_center,"6.121475,46.191888"
209_Geneve_vertex1,"6.124065,46.191919"
209_Geneve_vertex2,"6.122732,46.193461"
210_Geneve_center,"6.121399,46.195004"
210_Geneve_vertex1,"6.12399,46.195034"
210_Geneve_vertex2,"6.122657,46.196577"
211_Geneve_center,"6.121324,46.19812"
211_Geneve_vertex1,"6.123914,46.19815"
211_Geneve_vertex2,"6.122581,46.199693"
212_Geneve_center,"6.121248,46.201236"
212_Geneve_vertex1,"6.123839,46.201266"
212_Geneve_vertex2,"6.122506,46.202809"
213_Geneve_center,"6.121173,46.204351"
213_Geneve_vertex1,"6.123764,46.204382"
213_Geneve_vertex2,"6.122431,46.205924"
214_Geneve_center,"6.121098,46.207467"
214_Geneve_vertex1,"6.123688,46.207497"
214_Geneve_vertex2,"6.122355,46.20904"
215_Geneve_center,"6.121022,46.210583"
215_Geneve_vertex1,"6.123613,46.210613"
215_Geneve_vertex2,"6.12228,46.212156"
216_Geneve_center,"6.120947,46.213699"
216_Geneve_vertex1,"6.123538,46.213729"
216_Geneve_vertex2,"6.122204,46.215272"
217_Geneve_center,"6.120871,46.216814"
217_Geneve_vertex1,"6.123462,46.216845"
217_Geneve_vertex2,"6.122129,46.218387"
218_Geneve_center,"6.120796,46.21993"
218_Geneve_vertex1,"6.123387,46.21996"
218_Geneve_vertex2,"6.122054,46.221503"
219_Geneve_center,"6.12072,46.223046"
219_Geneve_vertex1,"6.123312,46.223076"
219_Geneve_vertex2,"6.121978,46.224619"
220_Geneve_center,"6.120645,46.226161"
220_Geneve_vertex1,"6.123236,46.226192"
220_Geneve_vertex2,"6.121903,46.227734"
221_Geneve_center,"6.120569,46.229277"
221_Geneve_vertex1,"6.123161,46.229307"
221_Geneve_vertex2,"6.121827,46.23085"
222_Geneve_center,"6.120493,46.232393"
222_Geneve_vertex1,"6.123086,46.232423"
222_Geneve_vertex2,"6.121752,46.233966"
223_Geneve_center,"6.120418,46.235509"
223_Geneve_vertex1,"6.12301,46.235539"
223_Geneve_vertex2,"6.121676,46.237082"
224_Geneve_center,"6.120342,46.238624"
224_Geneve_vertex1,"6.122935,46.238655"
224_Geneve_vertex2,"6.121601,46.240197"
225_Geneve_center,"6.120267,46.24174"
225_Geneve_vertex1,"6.122859,46.24177"
225_Geneve_vertex2,"6.121525,46.243313"
226_Geneve_center,"6.120191,46.244856"
226_Geneve_vertex1,"6.122784,46.244886"
226_Geneve_vertex2,"6.12145,46.246429"
226_Geneve_vertex3,"6.118857,46.246399"
227_Geneve_center,"6.126074,46.162334"
227_Geneve_vertex1,"6.128663,46.162365"
227_Geneve_vertex2,"6.127331,46.163907"
227_Geneve_vertex5,"6.124817,46.160761"
227_Geneve_vertex6,"6.127406,46.160792"
228_Geneve_center,"6.125999,46.16545"
228_Geneve_vertex1,"6.128588,46.16548"
228_Geneve_vertex2,"6.127256,46.167023"
229_Geneve_center,"6.125924,46.168566"
229_Geneve_vertex1,"6.128513,46.168596"
229_Geneve_vertex2,"6.127181,46.170139"
230_Geneve_center,"6.125849,46.171682"
230_Geneve_vertex1,"6.128438,46.171712"
230_Geneve_vertex2,"6.127106,46.173255"
231_Geneve_center,"6.125774,46.174797"
231_Geneve_vertex1,"6.128363,46.174827"
231_Geneve_vertex2,"6.127031,46.17637"
232_Geneve_center,"6.125699,46.177913"
232_Geneve_vertex1,"6.128288,46.177943"
232_Geneve_vertex2,"6.126956,46.179486"
233_Geneve_center,"6.125623,46.181029"
233_Geneve_vertex1,"6.128213,46.181059"
233_Geneve_vertex2,"6.126881,46.182602"
234_Geneve_center,"6.125548,46.184144"
234_Geneve_vertex1,"6.128138,46.184175"
234_Geneve_vertex2,"6.126806,46.185717"
235_Geneve_center,"6.125473,46.18726"
235_Geneve_vertex1,"6.128063,46.18729"
235_Geneve_vertex2,"6.12673,46.188833"
236_Geneve_center,"6.125398,46.190376"
236_Geneve_vertex1,"6.127988,46.190406"
236_Geneve_vertex2,"6.126655,46.191949"
237_Geneve_center,"6.125323,46.193492"
237_Geneve_vertex1,"6.127913,46.193522"
237_Geneve_vertex2,"6.12658,46.195065"
238_Geneve_center,"6.125247,46.196607"
238_Geneve_vertex1,"6.127838,46.196638"
238_Geneve_vertex2,"6.126505,46.19818"
239_Geneve_center,"6.125172,46.199723"
239_Geneve_vertex1,"6.127763,46.199753"
239_Geneve_vertex2,"6.12643,46.201296"
240_Geneve_center,"6.125097,46.202839"
240_Geneve_vertex1,"6.127688,46.202869"
240_Geneve_vertex2,"6.126355,46.204412"
241_Geneve_center,"6.125022,46.205955"
241_Geneve_vertex1,"6.127613,46.205985"
241_Geneve_vertex2,"6.126279,46.207528"
242_Geneve_center,"6.124946,46.20907"
242_Geneve_vertex1,"6.127537,46.2091"
242_Geneve_vertex2,"6.126204,46.210643"
243_Geneve_center,"6.124871,46.212186"
243_Geneve_vertex1,"6.127462,46.212216"
243_Geneve_vertex2,"6.126129,46.213759"
244_Geneve_center,"6.124796,46.215302"
244_Geneve_vertex1,"6.127387,46.215332"
244_Geneve_vertex2,"6.126054,46.216875"
245_Geneve_center,"6.124721,46.218418"
245_Geneve_vertex1,"6.127312,46.218448"
245_Geneve_vertex2,"6.125979,46.21999"
246_Geneve_center,"6.124645,46.221533"
246_Geneve_vertex1,"6.127237,46.221563"
246_Geneve_vertex2,"6.125903,46.223106"
247_Geneve_center,"6.12457,46.224649"
247_Geneve_vertex1,"6.127162,46.224679"
247_Geneve_vertex2,"6.125828,46.226222"
248_Geneve_center,"6.124495,46.227765"
248_Geneve_vertex1,"6.127087,46.227795"
248_Geneve_vertex2,"6.125753,46.229338"
249_Geneve_center,"6.124419,46.23088"
249_Geneve_vertex1,"6.127011,46.230911"
249_Geneve_vertex2,"6.125678,46.232453"
250_Geneve_center,"6.124344,46.233996"
250_Geneve_vertex1,"6.126936,46.234026"
250_Geneve_vertex2,"6.125602,46.235569"
251_Geneve_center,"6.124269,46.237112"
251_Geneve_vertex1,"6.126861,46.237142"
251_Geneve_vertex2,"6.125527,46.238685"
252_Geneve_center,"6.124193,46.240228"
252_Geneve_vertex1,"6.126786,46.240258"
252_Geneve_vertex2,"6.125452,46.241801"
253_Geneve_center,"6.124118,46.243343"
253_Geneve_vertex1,"6.126711,46.243374"
253_Geneve_vertex2,"6.125377,46.244916"
254_Geneve_center,"6.124043,46.246459"
254_Geneve_vertex1,"6.126635,46.246489"
254_Geneve_vertex2,"6.125301,46.248032"
254_Geneve_vertex3,"6.122708,46.248002"
255_Geneve_center,"6.129995,46.160822"
255_Geneve_vertex1,"6.132584,46.160852"
255_Geneve_vertex2,"6.131252,46.162395"
255_Geneve_vertex5,"6.128738,46.159249"
255_Geneve_vertex6,"6.131327,46.159279"
256_Geneve_center,"6.12992,46.163937"
256_Geneve_vertex1,"6.132509,46.163967"
256_Geneve_vertex2,"6.131177,46.16551"
257_Geneve_center,"6.129845,46.167053"
257_Geneve_vertex1,"6.132434,46.167083"
257_Geneve_vertex2,"6.131102,46.168626"
258_Geneve_center,"6.12977,46.170169"
258_Geneve_vertex1,"6.132359,46.170199"
258_Geneve_vertex2,"6.131027,46.171742"
259_Geneve_center,"6.129695,46.173285"
259_Geneve_vertex1,"6.132285,46.173315"
259_Geneve_vertex2,"6.130953,46.174857"
260_Geneve_center,"6.12962,46.1764"
260_Geneve_vertex1,"6.13221,46.17643"
260_Geneve_vertex2,"6.130878,46.177973"
261_Geneve_center,"6.129545,46.179516"
261_Geneve_vertex1,"6.132135,46.179546"
261_Geneve_vertex2,"6.130803,46.181089"
262_Geneve_center,"6.12947,46.182632"
262_Geneve_vertex1,"6.13206,46.182662"
262_Geneve_vertex2,"6.130728,46.184205"
263_Geneve_center,"6.129395,46.185748"
263_Geneve_vertex1,"6.131985,46.185778"
263_Geneve_vertex2,"6.130653,46.18732"
264_Geneve_center,"6.12932,46.188863"
264_Geneve_vertex1,"6.131911,46.188893"
264_Geneve_vertex2,"6.130578,46.190436"
265_Geneve_center,"6.129246,46.191979"
265_Geneve_vertex1,"6.131836,46.192009"
265_Geneve_vertex2,"6.130503,46.193552"
266_Geneve_center,"6.129171,46.195095"
266_Geneve_vertex1,"6.131761,46.195125"
266_Geneve_vertex2,"6.130428,46.196668"
267_Geneve_center,"6.129096,46.19821"
267_Geneve_vertex1,"6.131686,46.19824"
267_Geneve_vertex2,"6.130353,46.199783"
268_Geneve_center,"6.129021,46.201326"
268_Geneve_vertex1,"6.131611,46.201356"
268_Geneve_vertex2,"6.130278,46.202899"
269_Geneve_center,"6.128945,46.204442"
269_Geneve_vertex1,"6.131536,46.204472"
269_Geneve_vertex2,"6.130203,46.206015"
270_Geneve_center,"6.12887,46.207558"
270_Geneve_vertex1,"6.131461,46.207588"
270_Geneve_vertex2,"6.130128,46.209131"
271_Geneve_center,"6.128795,46.210673"
271_Geneve_vertex1,"6.131387,46.210703"
271_Geneve_vertex2,"6.130053,46.212246"
272_Geneve_center,"6.12872,46.213789"
272_Geneve_vertex1,"6.131312,46.213819"
272_Geneve_vertex2,"6.129979,46.215362"
273_Geneve_center,"6.128645,46.216905"
273_Geneve_vertex1,"6.131237,46.216935"
273_Geneve_vertex2,"6.129904,46.218478"
274_Geneve_center,"6.12857,46.220021"
274_Geneve_vertex1,"6.131162,46.220051"
274_Geneve_vertex2,"6.129829,46.221593"
275_Geneve_center,"6.128495,46.223136"
275_Geneve_vertex1,"6.131087,46.223166"
275_Geneve_vertex2,"6.129754,46.224709"
276_Geneve_center,"6.12842,46.226252"
276_Geneve_vertex1,"6.131012,46.226282"
276_Geneve_vertex2,"6.129679,46.227825"
277_Geneve_center,"6.128345,46.229368"
277_Geneve_vertex1,"6.130937,46.229398"
277_Geneve_vertex2,"6.129604,46.230941"
278_Geneve_center,"6.12827,46.232483"
278_Geneve_vertex1,"6.130862,46.232514"
278_Geneve_vertex2,"6.129528,46.234056"
279_Geneve_center,"6.128195,46.235599"
279_Geneve_vertex1,"6.130787,46.235629"
279_Geneve_vertex2,"6.129453,46.237172"
280_Geneve_center,"6.12812,46.238715"
280_Geneve_vertex1,"6.130712,46.238745"
280_Geneve_vertex2,"6.129378,46.240288"
281_Geneve_center,"6.128045,46.241831"
281_Geneve_vertex1,"6.130637,46.241861"
281_Geneve_vertex2,"6.129303,46.243404"
282_Geneve_center,"6.127969,46.244946"
282_Geneve_vertex1,"6.130562,46.244977"
282_Geneve_vertex2,"6.129228,46.246519"
283_Geneve_center,"6.127894,46.248062"
283_Geneve_vertex1,"6.130487,46.248092"
283_Geneve_vertex2,"6.129153,46.249635"
283_Geneve_vertex3,"6.12656,46.249605"
284_Geneve_center,"6.133841,46.162425"
284_Geneve_vertex1,"6.13643,46.162454"
284_Geneve_vertex2,"6.135098,46.163997"
284_Geneve_vertex6,"6.135173,46.160882"
285_Geneve_center,"6.133766,46.16554"
285_Geneve_vertex1,"6.136355,46.16557"
285_Geneve_vertex2,"6.135023,46.167113"
286_Geneve_center,"6.133691,46.168656"
286_Geneve_vertex1,"6.136281,46.168686"
286_Geneve_vertex2,"6.134949,46.170229"
287_Geneve_center,"6.133617,46.171772"
287_Geneve_vertex1,"6.136206,46.171802"
287_Geneve_vertex2,"6.134874,46.173345"
288_Geneve_center,"6.133542,46.174887"
288_Geneve_vertex1,"6.136131,46.174917"
288_Geneve_vertex2,"6.134799,46.17646"
289_Geneve_center,"6.133467,46.178003"
289_Geneve_vertex1,"6.136057,46.178033"
289_Geneve_vertex2,"6.134725,46.179576"
290_Geneve_center,"6.133393,46.181119"
290_Geneve_vertex1,"6.135982,46.181149"
290_Geneve_vertex2,"6.13465,46.182692"
291_Geneve_center,"6.133318,46.184235"
291_Geneve_vertex1,"6.135908,46.184265"
291_Geneve_vertex2,"6.134575,46.185808"
292_Geneve_center,"6.133243,46.18735"
292_Geneve_vertex1,"6.135833,46.18738"
292_Geneve_vertex2,"6.134501,46.188923"
293_Geneve_center,"6.133168,46.190466"
293_Geneve_vertex1,"6.135758,46.190496"
293_Geneve_vertex2,"6.134426,46.192039"
294_Geneve_center,"6.133093,46.193582"
294_Geneve_vertex1,"6.135684,46.193612"
294_Geneve_vertex2,"6.134351,46.195155"
295_Geneve_center,"6.133019,46.196698"
295_Geneve_vertex1,"6.135609,46.196728"
295_Geneve_vertex2,"6.134277,46.19827"
296_Geneve_center,"6.132944,46.199813"
296_Geneve_vertex1,"6.135535,46.199843"
296_Geneve_vertex2,"6.134202,46.201386"
297_Geneve_center,"6.132869,46.202929"
297_Geneve_vertex1,"6.13546,46.202959"
297_Geneve_vertex2,"6.134127,46.204502"
298_Geneve_center,"6.132794,46.206045"
298_Geneve_vertex1,"6.135385,46.206075"
298_Geneve_vertex2,"6.134052,46.207618"
299_Geneve_center,"6.13272,46.209161"
299_Geneve_vertex1,"6.135311,46.209191"
299_Geneve_vertex2,"6.133978,46.210733"
300_Geneve_center,"6.132645,46.212276"
300_Geneve_vertex1,"6.135236,46.212306"
300_Geneve_vertex2,"6.133903,46.213849"
301_Geneve_center,"6.13257,46.215392"
301_Geneve_vertex1,"6.135161,46.215422"
301_Geneve_vertex2,"6.133828,46.216965"
302_Geneve_center,"6.132495,46.218508"
302_Geneve_vertex1,"6.135087,46.218538"
302_Geneve_vertex2,"6.133753,46.220081"
303_Geneve_center,"6.13242,46.221623"
303_Geneve_vertex1,"6.135012,46.221653"
303_Geneve_vertex2,"6.133679,46.223196"
304_Geneve_center,"6.132345,46.224739"
304_Geneve_vertex1,"6.134937,46.224769"
304_Geneve_vertex2,"6.133604,46.226312"
305_Geneve_center,"6.13227,46.227855"
305_Geneve_vertex1,"6.134862,46.227885"
305_Geneve_vertex2,"6.133529,46.229428"
306_Geneve_center,"6.132196,46.230971"
306_Geneve_vertex1,"6.134788,46.231001"
306_Geneve_vertex2,"6.133454,46.232544"
307_Geneve_center,"6.132121,46.234086"
307_Geneve_vertex1,"6.134713,46.234116"
307_Geneve_vertex2,"6.133379,46.235659"
308_Geneve_center,"6.132046,46.237202"
308_Geneve_vertex1,"6.134638,46.237232"
308_Geneve_vertex2,"6.133305,46.238775"
309_Geneve_center,"6.131971,46.240318"
309_Geneve_vertex1,"6.134563,46.240348"
309_Geneve_vertex2,"6.13323,46.241891"
310_Geneve_center,"6.131896,46.243434"
310_Geneve_vertex1,"6.134489,46.243464"
310_Geneve_vertex2,"6.133155,46.245007"
311_Geneve_center,"6.131821,46.246549"
311_Geneve_vertex1,"6.134414,46.246579"
311_Geneve_vertex2,"6.13308,46.248122"
312_Geneve_center,"6.137761,46.160912"
312_Geneve_vertex1,"6.14035,46.160941"
312_Geneve_vertex2,"6.139018,46.162484"
312_Geneve_vertex5,"6.136504,46.159339"
312_Geneve_vertex6,"6.139093,46.159369"
313_Geneve_center,"6.137687,46.164027"
313_Geneve_vertex1,"6.140276,46.164057"
313_Geneve_vertex2,"6.138944,46.1656"
314_Geneve_center,"6.137612,46.167143"
314_Geneve_vertex1,"6.140201,46.167173"
314_Geneve_vertex2,"6.13887,46.168716"
315_Geneve_center,"6.137538,46.170259"
315_Geneve_vertex1,"6.140127,46.170289"
315_Geneve_vertex2,"6.138795,46.171832"
316_Geneve_center,"6.137463,46.173375"
316_Geneve_vertex1,"6.140053,46.173404"
316_Geneve_vertex2,"6.138721,46.174947"
317_Geneve_center,"6.137389,46.17649"
317_Geneve_vertex1,"6.139978,46.17652"
317_Geneve_vertex2,"6.138646,46.178063"
318_Geneve_center,"6.137314,46.179606"
318_Geneve_vertex1,"6.139904,46.179636"
318_Geneve_vertex2,"6.138572,46.181179"
319_Geneve_center,"6.13724,46.182722"
319_Geneve_vertex1,"6.13983,46.182752"
319_Geneve_vertex2,"6.138498,46.184295"
320_Geneve_center,"6.137165,46.185837"
320_Geneve_vertex1,"6.139755,46.185867"
320_Geneve_vertex2,"6.138423,46.18741"
321_Geneve_center,"6.137091,46.188953"
321_Geneve_vertex1,"6.139681,46.188983"
321_Geneve_vertex2,"6.138349,46.190526"
322_Geneve_center,"6.137016,46.192069"
322_Geneve_vertex1,"6.139606,46.192099"
322_Geneve_vertex2,"6.138274,46.193642"
323_Geneve_center,"6.136942,46.195185"
323_Geneve_vertex1,"6.139532,46.195215"
323_Geneve_vertex2,"6.1382,46.196757"
324_Geneve_center,"6.136867,46.1983"
324_Geneve_vertex1,"6.139458,46.19833"
324_Geneve_vertex2,"6.138125,46.199873"
325_Geneve_center,"6.136793,46.201416"
325_Geneve_vertex1,"6.139383,46.201446"
325_Geneve_vertex2,"6.138051,46.202989"
326_Geneve_center,"6.136718,46.204532"
326_Geneve_vertex1,"6.139309,46.204562"
326_Geneve_vertex2,"6.137976,46.206105"
327_Geneve_center,"6.136643,46.207648"
327_Geneve_vertex1,"6.139234,46.207677"
327_Geneve_vertex2,"6.137902,46.20922"
328_Geneve_center,"6.136569,46.210763"
328_Geneve_vertex1,"6.13916,46.210793"
328_Geneve_vertex2,"6.137827,46.212336"
329_Geneve_center,"6.136494,46.213879"
329_Geneve_vertex1,"6.139085,46.213909"
329_Geneve_vertex2,"6.137753,46.215452"
330_Geneve_center,"6.13642,46.216995"
330_Geneve_vertex1,"6.139011,46.217025"
330_Geneve_vertex2,"6.137678,46.218568"
331_Geneve_center,"6.136345,46.220111"
331_Geneve_vertex1,"6.138937,46.22014"
331_Geneve_vertex2,"6.137603,46.221683"
332_Geneve_center,"6.13627,46.223226"
332_Geneve_vertex1,"6.138862,46.223256"
332_Geneve_vertex2,"6.137529,46.224799"
333_Geneve_center,"6.136196,46.226342"
333_Geneve_vertex1,"6.138788,46.226372"
333_Geneve_vertex2,"6.137454,46.227915"
334_Geneve_center,"6.136121,46.229458"
334_Geneve_vertex1,"6.138713,46.229488"
334_Geneve_vertex2,"6.13738,46.231031"
335_Geneve_center,"6.136046,46.232574"
335_Geneve_vertex1,"6.138639,46.232603"
335_Geneve_vertex2,"6.137305,46.234146"
336_Geneve_center,"6.135972,46.235689"
336_Geneve_vertex1,"6.138564,46.235719"
336_Geneve_vertex2,"6.137231,46.237262"
337_Geneve_center,"6.135897,46.238805"
337_Geneve_vertex1,"6.13849,46.238835"
337_Geneve_vertex2,"6.137156,46.240378"
338_Geneve_center,"6.135822,46.241921"
338_Geneve_vertex1,"6.138415,46.241951"
338_Geneve_vertex2,"6.137081,46.243494"
339_Geneve_center,"6.135748,46.245036"
339_Geneve_vertex1,"6.13834,46.245066"
339_Geneve_vertex2,"6.137007,46.246609"
340_Geneve_center,"6.135673,46.248152"
340_Geneve_vertex1,"6.138266,46.248182"
340_Geneve_vertex2,"6.136932,46.249725"
340_Geneve_vertex3,"6.134339,46.249695"
341_Geneve_center,"6.141607,46.162514"
341_Geneve_vertex1,"6.144196,46.162544"
341_Geneve_vertex2,"6.142865,46.164087"
341_Geneve_vertex6,"6.142939,46.160971"
342_Geneve_center,"6.141533,46.16563"
342_Geneve_vertex1,"6.144122,46.16566"
342_Geneve_vertex2,"6.14279,46.167203"
343_Geneve_center,"6.141459,46.168746"
343_Geneve_vertex1,"6.144048,46.168775"
343_Geneve_vertex2,"6.142716,46.170318"
344_Geneve_center,"6.141385,46.171861"
344_Geneve_vertex1,"6.143974,46.171891"
344_Geneve_vertex2,"6.142642,46.173434"
345_Geneve_center,"6.14131,46.174977"
345_Geneve_vertex1,"6.1439,46.175007"
345_Geneve_vertex2,"6.142568,46.17655"
346_Geneve_center,"6.141236,46.178093"
346_Geneve_vertex1,"6.143826,46.178123"
346_Geneve_vertex2,"6.142494,46.179666"
347_Geneve_center,"6.141162,46.181209"
347_Geneve_vertex1,"6.143751,46.181238"
347_Geneve_vertex2,"6.142419,46.182781"
348_Geneve_center,"6.141087,46.184324"
348_Geneve_vertex1,"6.143677,46.184354"
348_Geneve_vertex2,"6.142345,46.185897"
349_Geneve_center,"6.141013,46.18744"
349_Geneve_vertex1,"6.143603,46.18747"
349_Geneve_vertex2,"6.142271,46.189013"
350_Geneve_center,"6.140939,46.190556"
350_Geneve_vertex1,"6.143529,46.190586"
350_Geneve_vertex2,"6.142197,46.192129"
351_Geneve_center,"6.140864,46.193672"
351_Geneve_vertex1,"6.143455,46.193701"
351_Geneve_vertex2,"6.142122,46.195244"
352_Geneve_center,"6.14079,46.196787"
352_Geneve_vertex1,"6.143381,46.196817"
352_Geneve_vertex2,"6.142048,46.19836"
353_Geneve_center,"6.140716,46.199903"
353_Geneve_vertex1,"6.143306,46.199933"
353_Geneve_vertex2,"6.141974,46.201476"
354_Geneve_center,"6.140641,46.203019"
354_Geneve_vertex1,"6.143232,46.203049"
354_Geneve_vertex2,"6.1419,46.204592"
355_Geneve_center,"6.140567,46.206134"
355_Geneve_vertex1,"6.143158,46.206164"
355_Geneve_vertex2,"6.141825,46.207707"
356_Geneve_center,"6.140493,46.20925"
356_Geneve_vertex1,"6.143084,46.20928"
356_Geneve_vertex2,"6.141751,46.210823"
357_Geneve_center,"6.140418,46.212366"
357_Geneve_vertex1,"6.14301,46.212396"
357_Geneve_vertex2,"6.141677,46.213939"
358_Geneve_center,"6.140344,46.215482"
358_Geneve_vertex1,"6.142935,46.215512"
358_Geneve_vertex2,"6.141602,46.217054"
359_Geneve_center,"6.14027,46.218597"
359_Geneve_vertex1,"6.142861,46.218627"
359_Geneve_vertex2,"6.141528,46.22017"
360_Geneve_center,"6.140195,46.221713"
360_Geneve_vertex1,"6.142787,46.221743"
360_Geneve_vertex2,"6.141454,46.223286"
361_Geneve_center,"6.140121,46.224829"
361_Geneve_vertex1,"6.142713,46.224859"
361_Geneve_vertex2,"6.141379,46.226402"
362_Geneve_center,"6.140046,46.227945"
362_Geneve_vertex1,"6.142638,46.227974"
362_Geneve_vertex2,"6.141305,46.229517"
363_Geneve_center,"6.139972,46.23106"
363_Geneve_vertex1,"6.142564,46.23109"
363_Geneve_vertex2,"6.141231,46.232633"
364_Geneve_center,"6.139897,46.234176"
364_Geneve_vertex1,"6.14249,46.234206"
364_Geneve_vertex2,"6.141156,46.235749"
365_Geneve_center,"6.139823,46.237292"
365_Geneve_vertex1,"6.142415,46.237322"
365_Geneve_vertex2,"6.141082,46.238865"
366_Geneve_center,"6.139749,46.240408"
366_Geneve_vertex1,"6.142341,46.240437"
366_Geneve_vertex2,"6.141008,46.24198"
367_Geneve_center,"6.139674,46.243523"
367_Geneve_vertex1,"6.142267,46.243553"
367_Geneve_vertex2,"6.140933,46.245096"
368_Geneve_center,"6.1396,46.246639"
368_Geneve_vertex1,"6.142192,46.246669"
368_Geneve_vertex2,"6.140859,46.248212"
369_Geneve_center,"6.145528,46.161001"
369_Geneve_vertex1,"6.148116,46.161031"
369_Geneve_vertex2,"6.146785,46.162574"
369_Geneve_vertex5,"6.14427,46.159428"
369_Geneve_vertex6,"6.146859,46.159458"
370_Geneve_center,"6.145454,46.164117"
370_Geneve_vertex1,"6.148042,46.164146"
370_Geneve_vertex2,"6.146711,46.165689"
371_Geneve_center,"6.14538,46.167232"
371_Geneve_vertex1,"6.147969,46.167262"
371_Geneve_vertex2,"6.146637,46.168805"
372_Geneve_center,"6.145305,46.170348"
372_Geneve_vertex1,"6.147895,46.170378"
372_Geneve_vertex2,"6.146563,46.171921"
373_Geneve_center,"6.145231,46.173464"
373_Geneve_vertex1,"6.147821,46.173494"
373_Geneve_vertex2,"6.146489,46.175037"
374_Geneve_center,"6.145157,46.17658"
374_Geneve_vertex1,"6.147747,46.176609"
374_Geneve_vertex2,"6.146415,46.178152"
375_Geneve_center,"6.145083,46.179695"
375_Geneve_vertex1,"6.147673,46.179725"
375_Geneve_vertex2,"6.146341,46.181268"
376_Geneve_center,"6.145009,46.182811"
376_Geneve_vertex1,"6.147599,46.182841"
376_Geneve_vertex2,"6.146267,46.184384"
377_Geneve_center,"6.144935,46.185927"
377_Geneve_vertex1,"6.147525,46.185957"
377_Geneve_vertex2,"6.146193,46.1875"
378_Geneve_center,"6.144861,46.189043"
378_Geneve_vertex1,"6.147451,46.189072"
378_Geneve_vertex2,"6.146119,46.190615"
379_Geneve_center,"6.144787,46.192158"
379_Geneve_vertex1,"6.147377,46.192188"
379_Geneve_vertex2,"6.146045,46.193731"
380_Geneve_center,"6.144713,46.195274"
380_Geneve_vertex1,"6.147303,46.195304"
380_Geneve_vertex2,"6.145971,46.196847"
381_Geneve_center,"6.144639,46.19839"
381_Geneve_vertex1,"6.147229,46.198419"
381_Geneve_vertex2,"6.145897,46.199963"
382_Geneve_center,"6.144565,46.201506"
382_Geneve_vertex1,"6.147155,46.201535"
382_Geneve_vertex2,"6.145823,46.203078"
383_Geneve_center,"6.144491,46.204621"
383_Geneve_vertex1,"6.147081,46.204651"
383_Geneve_vertex2,"6.145749,46.206194"
384_Geneve_center,"6.144416,46.207737"
384_Geneve_vertex1,"6.147007,46.207767"
384_Geneve_vertex2,"6.145675,46.20931"
385_Geneve_center,"6.144342,46.210853"
385_Geneve_vertex1,"6.146933,46.210882"
385_Geneve_vertex2,"6.145601,46.212425"
386_Geneve_center,"6.144268,46.213969"
386_Geneve_vertex1,"6.146859,46.213998"
386_Geneve_vertex2,"6.145527,46.215541"
387_Geneve_center,"6.144194,46.217084"
387_Geneve_vertex1,"6.146785,46.217114"
387_Geneve_vertex2,"6.145453,46.218657"
388_Geneve_center,"6.14412,46.2202"
388_Geneve_vertex1,"6.146711,46.22023"
388_Geneve_vertex2,"6.145378,46.221773"
389_Geneve_center,"6.144046,46.223316"
389_Geneve_vertex1,"6.146637,46.223345"
389_Geneve_vertex2,"6.145304,46.224888"
390_Geneve_center,"6.143971,46.226431"
390_Geneve_vertex1,"6.146563,46.226461"
390_Geneve_vertex2,"6.14523,46.228004"
391_Geneve_center,"6.143897,46.229547"
391_Geneve_vertex1,"6.146489,46.229577"
391_Geneve_vertex2,"6.145156,46.23112"
392_Geneve_center,"6.143823,46.232663"
392_Geneve_vertex1,"6.146415,46.232693"
392_Geneve_vertex2,"6.145082,46.234236"
393_Geneve_center,"6.143749,46.235779"
393_Geneve_vertex1,"6.146341,46.235808"
393_Geneve_vertex2,"6.145008,46.237351"
394_Geneve_center,"6.143675,46.238894"
394_Geneve_vertex1,"6.146267,46.238924"
394_Geneve_vertex2,"6.144934,46.240467"
395_Geneve_center,"6.1436,46.24201"
395_Geneve_vertex1,"6.146193,46.24204"
395_Geneve_vertex2,"6.14486,46.243583"
396_Geneve_center,"6.143526,46.245126"
396_Geneve_vertex1,"6.146119,46.245156"
396_Geneve_vertex2,"6.144785,46.246699"
397_Geneve_center,"6.143452,46.248242"
397_Geneve_vertex1,"6.146045,46.248271"
397_Geneve_vertex2,"6.144711,46.249814"
397_Geneve_vertex3,"6.142118,46.249785"
398_Geneve_center,"6.149374,46.162603"
398_Geneve_vertex1,"6.151963,46.162633"
398_Geneve_vertex2,"6.150631,46.164176"
398_Geneve_vertex6,"6.150705,46.16106"
399_Geneve_center,"6.1493,46.165719"
399_Geneve_vertex1,"6.151889,46.165749"
399_Geneve_vertex2,"6.150558,46.167292"
400_Geneve_center,"6.149226,46.168835"
400_Geneve_vertex1,"6.151815,46.168864"
400_Geneve_vertex2,"6.150484,46.170407"
401_Geneve_center,"6.149152,46.17195"
401_Geneve_vertex1,"6.151742,46.17198"
401_Geneve_vertex2,"6.15041,46.173523"
402_Geneve_center,"6.149079,46.175066"
402_Geneve_vertex1,"6.151668,46.175096"
402_Geneve_vertex2,"6.150336,46.176639"
403_Geneve_center,"6.149005,46.178182"
403_Geneve_vertex1,"6.151594,46.178212"
403_Geneve_vertex2,"6.150263,46.179755"
404_Geneve_center,"6.148931,46.181298"
404_Geneve_vertex1,"6.151521,46.181327"
404_Geneve_vertex2,"6.150189,46.18287"
405_Geneve_center,"6.148857,46.184413"
405_Geneve_vertex1,"6.151447,46.184443"
405_Geneve_vertex2,"6.150115,46.185986"
406_Geneve_center,"6.148783,46.187529"
406_Geneve_vertex1,"6.151373,46.187559"
406_Geneve_vertex2,"6.150041,46.189102"
407_Geneve_center,"6.148709,46.190645"
407_Geneve_vertex1,"6.151299,46.190675"
407_Geneve_vertex2,"6.149968,46.192218"
408_Geneve_center,"6.148635,46.193761"
408_Geneve_vertex1,"6.151226,46.19379"
408_Geneve_vertex2,"6.149894,46.195333"
409_Geneve_center,"6.148562,46.196876"
409_Geneve_vertex1,"6.151152,46.196906"
409_Geneve_vertex2,"6.14982,46.198449"
410_Geneve_center,"6.148488,46.199992"
410_Geneve_vertex1,"6.151078,46.200022"
410_Geneve_vertex2,"6.149746,46.201565"
411_Geneve_center,"6.148414,46.203108"
411_Geneve_vertex1,"6.151005,46.203138"
411_Geneve_vertex2,"6.149672,46.204681"
412_Geneve_center,"6.14834,46.206224"
412_Geneve_vertex1,"6.150931,46.206253"
412_Geneve_vertex2,"6.149598,46.207796"
413_Geneve_center,"6.148266,46.209339"
413_Geneve_vertex1,"6.150857,46.209369"
413_Geneve_vertex2,"6.149525,46.210912"
414_Geneve_center,"6.148192,46.212455"
414_Geneve_vertex1,"6.150783,46.212485"
414_Geneve_vertex2,"6.149451,46.214028"
415_Geneve_center,"6.148118,46.215571"
415_Geneve_vertex1,"6.150709,46.2156"
415_Geneve_vertex2,"6.149377,46.217144"
416_Geneve_center,"6.148044,46.218687"
416_Geneve_vertex1,"6.150636,46.218716"
416_Geneve_vertex2,"6.149303,46.220259"
417_Geneve_center,"6.14797,46.221802"
417_Geneve_vertex1,"6.150562,46.221832"
417_Geneve_vertex2,"6.149229,46.223375"
418_Geneve_center,"6.147896,46.224918"
418_Geneve_vertex1,"6.150488,46.224948"
418_Geneve_vertex2,"6.149155,46.226491"
419_Geneve_center,"6.147822,46.228034"
419_Geneve_vertex1,"6.150414,46.228063"
419_Geneve_vertex2,"6.149081,46.229607"
420_Geneve_center,"6.147748,46.23115"
420_Geneve_vertex1,"6.15034,46.231179"
420_Geneve_vertex2,"6.149007,46.232722"
421_Geneve_center,"6.147674,46.234265"
421_Geneve_vertex1,"6.150266,46.234295"
421_Geneve_vertex2,"6.148933,46.235838"
422_Geneve_center,"6.1476,46.237381"
422_Geneve_vertex1,"6.150193,46.237411"
422_Geneve_vertex2,"6.148859,46.238954"
423_Geneve_center,"6.147526,46.240497"
423_Geneve_vertex1,"6.150119,46.240526"
423_Geneve_vertex2,"6.148786,46.24207"
424_Geneve_center,"6.147452,46.243613"
424_Geneve_vertex1,"6.150045,46.243642"
424_Geneve_vertex2,"6.148712,46.245185"
425_Geneve_center,"6.147378,46.246728"
425_Geneve_vertex1,"6.149971,46.246758"
425_Geneve_vertex2,"6.148638,46.248301"
426_Geneve_center,"6.153294,46.16109"
426_Geneve_vertex1,"6.155883,46.161119"
426_Geneve_vertex2,"6.154552,46.162662"
426_Geneve_vertex5,"6.152036,46.159517"
426_Geneve_vertex6,"6.154625,46.159547"
427_Geneve_center,"6.15322,46.164205"
427_Geneve_vertex1,"6.155809,46.164235"
427_Geneve_vertex2,"6.154478,46.165778"
428_Geneve_center,"6.153147,46.167321"
428_Geneve_vertex1,"6.155736,46.167351"
428_Geneve_vertex2,"6.154405,46.168894"
429_Geneve_center,"6.153073,46.170437"
429_Geneve_vertex1,"6.155662,46.170466"
429_Geneve_vertex2,"6.154331,46.17201"
430_Geneve_center,"6.153,46.173553"
430_Geneve_vertex1,"6.155589,46.173582"
430_Geneve_vertex2,"6.154257,46.175125"
431_Geneve_center,"6.152926,46.176668"
431_Geneve_vertex1,"6.155515,46.176698"
431_Geneve_vertex2,"6.154184,46.178241"
432_Geneve_center,"6.152852,46.179784"
432_Geneve_vertex1,"6.155442,46.179814"
432_Geneve_vertex2,"6.15411,46.181357"
433_Geneve_center,"6.152779,46.1829"
433_Geneve_vertex1,"6.155369,46.182929"
433_Geneve_vertex2,"6.154037,46.184473"
434_Geneve_center,"6.152705,46.186016"
434_Geneve_vertex1,"6.155295,46.186045"
434_Geneve_vertex2,"6.153963,46.187588"
435_Geneve_center,"6.152631,46.189131"
435_Geneve_vertex1,"6.155222,46.189161"
435_Geneve_vertex2,"6.15389,46.190704"
436_Geneve_center,"6.152558,46.192247"
436_Geneve_vertex1,"6.155148,46.192277"
436_Geneve_vertex2,"6.153816,46.19382"
437_Geneve_center,"6.152484,46.195363"
437_Geneve_vertex1,"6.155075,46.195392"
437_Geneve_vertex2,"6.153743,46.196936"
438_Geneve_center,"6.15241,46.198479"
438_Geneve_vertex1,"6.155001,46.198508"
438_Geneve_vertex2,"6.153669,46.200051"
439_Geneve_center,"6.152337,46.201594"
439_Geneve_vertex1,"6.154927,46.201624"
439_Geneve_vertex2,"6.153595,46.203167"
440_Geneve_center,"6.152263,46.20471"
440_Geneve_vertex1,"6.154854,46.20474"
440_Geneve_vertex2,"6.153522,46.206283"
441_Geneve_center,"6.152189,46.207826"
441_Geneve_vertex1,"6.15478,46.207855"
441_Geneve_vertex2,"6.153448,46.209399"
442_Geneve_center,"6.152116,46.210942"
442_Geneve_vertex1,"6.154707,46.210971"
442_Geneve_vertex2,"6.153374,46.212514"
443_Geneve_center,"6.152042,46.214057"
443_Geneve_vertex1,"6.154633,46.214087"
443_Geneve_vertex2,"6.153301,46.21563"
444_Geneve_center,"6.151968,46.217173"
444_Geneve_vertex1,"6.15456,46.217203"
444_Geneve_vertex2,"6.153227,46.218746"
445_Geneve_center,"6.151895,46.220289"
445_Geneve_vertex1,"6.154486,46.220318"
445_Geneve_vertex2,"6.153153,46.221862"
446_Geneve_center,"6.151821,46.223405"
446_Geneve_vertex1,"6.154413,46.223434"
446_Geneve_vertex2,"6.15308,46.224977"
447_Geneve_center,"6.151747,46.22652"
447_Geneve_vertex1,"6.154339,46.22655"
447_Geneve_vertex2,"6.153006,46.228093"
448_Geneve_center,"6.151673,46.229636"
448_Geneve_vertex1,"6.154265,46.229666"
448_Geneve_vertex2,"6.152932,46.231209"
449_Geneve_center,"6.1516,46.232752"
449_Geneve_vertex1,"6.154192,46.232781"
449_Geneve_vertex2,"6.152859,46.234325"
450_Geneve_center,"6.151526,46.235868"
450_Geneve_vertex1,"6.154118,46.235897"
450_Geneve_vertex2,"6.152785,46.23744"
451_Geneve_center,"6.151452,46.238983"
451_Geneve_vertex1,"6.154044,46.239013"
451_Geneve_vertex2,"6.152711,46.240556"
452_Geneve_center,"6.151378,46.242099"
452_Geneve_vertex1,"6.153971,46.242129"
452_Geneve_vertex2,"6.152638,46.243672"
453_Geneve_center,"6.151304,46.245215"
453_Geneve_vertex1,"6.153897,46.245244"
453_Geneve_vertex2,"6.152564,46.246788"
454_Geneve_center,"6.151231,46.248331"
454_Geneve_vertex1,"6.153824,46.24836"
454_Geneve_vertex2,"6.15249,46.249903"
454_Geneve_vertex3,"6.149897,46.249874"
455_Geneve_center,"6.15714,46.162692"
455_Geneve_vertex1,"6.159729,46.162721"
455_Geneve_vertex2,"6.158398,46.164264"
455_Geneve_vertex6,"6.158471,46.161149"
456_Geneve_center,"6.157067,46.165808"
456_Geneve_vertex1,"6.159656,46.165837"
456_Geneve_vertex2,"6.158325,46.16738"
457_Geneve_center,"6.156994,46.168923"
457_Geneve_vertex1,"6.159583,46.168953"
457_Geneve_vertex2,"6.158252,46.170496"
458_Geneve_center,"6.15692,46.172039"
458_Geneve_vertex1,"6.15951,46.172068"
458_Geneve_vertex2,"6.158178,46.173612"
459_Geneve_center,"6.156847,46.175155"
459_Geneve_vertex1,"6.159436,46.175184"
459_Geneve_vertex2,"6.158105,46.176727"
460_Geneve_center,"6.156774,46.178271"
460_Geneve_vertex1,"6.159363,46.1783"
460_Geneve_vertex2,"6.158032,46.179843"
461_Geneve_center,"6.1567,46.181386"
461_Geneve_vertex1,"6.15929,46.181416"
461_Geneve_vertex2,"6.157958,46.182959"
462_Geneve_center,"6.156627,46.184502"
462_Geneve_vertex1,"6.159217,46.184531"
462_Geneve_vertex2,"6.157885,46.186075"
463_Geneve_center,"6.156553,46.187618"
463_Geneve_vertex1,"6.159143,46.187647"
463_Geneve_vertex2,"6.157812,46.18919"
464_Geneve_center,"6.15648,46.190734"
464_Geneve_vertex1,"6.15907,46.190763"
464_Geneve_vertex2,"6.157738,46.192306"
465_Geneve_center,"6.156406,46.193849"
465_Geneve_vertex1,"6.158997,46.193879"
465_Geneve_vertex2,"6.157665,46.195422"
466_Geneve_center,"6.156333,46.196965"
466_Geneve_vertex1,"6.158923,46.196994"
466_Geneve_vertex2,"6.157592,46.198538"
467_Geneve_center,"6.15626,46.200081"
467_Geneve_vertex1,"6.15885,46.20011"
467_Geneve_vertex2,"6.157518,46.201653"
468_Geneve_center,"6.156186,46.203197"
468_Geneve_vertex1,"6.158777,46.203226"
468_Geneve_vertex2,"6.157445,46.204769"
469_Geneve_center,"6.156113,46.206312"
469_Geneve_vertex1,"6.158704,46.206342"
469_Geneve_vertex2,"6.157371,46.207885"
470_Geneve_center,"6.156039,46.209428"
470_Geneve_vertex1,"6.15863,46.209457"
470_Geneve_vertex2,"6.157298,46.211001"
471_Geneve_center,"6.155966,46.212544"
471_Geneve_vertex1,"6.158557,46.212573"
471_Geneve_vertex2,"6.157225,46.214116"
472_Geneve_center,"6.155892,46.21566"
472_Geneve_vertex1,"6.158484,46.215689"
472_Geneve_vertex2,"6.157151,46.217232"
473_Geneve_center,"6.155819,46.218775"
473_Geneve_vertex1,"6.15841,46.218805"
473_Geneve_vertex2,"6.157078,46.220348"
474_Geneve_center,"6.155745,46.221891"
474_Geneve_vertex1,"6.158337,46.22192"
474_Geneve_vertex2,"6.157004,46.223464"
475_Geneve_center,"6.155672,46.225007"
475_Geneve_vertex1,"6.158263,46.225036"
475_Geneve_vertex2,"6.156931,46.226579"
476_Geneve_center,"6.155598,46.228123"
476_Geneve_vertex1,"6.15819,46.228152"
476_Geneve_vertex2,"6.156857,46.229695"
477_Geneve_center,"6.155525,46.231238"
477_Geneve_vertex1,"6.158117,46.231268"
477_Geneve_vertex2,"6.156784,46.232811"
478_Geneve_center,"6.155451,46.234354"
478_Geneve_vertex1,"6.158043,46.234383"
478_Geneve_vertex2,"6.15671,46.235927"
479_Geneve_center,"6.155377,46.23747"
479_Geneve_vertex1,"6.15797,46.237499"
479_Geneve_vertex2,"6.156637,46.239042"
480_Geneve_center,"6.155304,46.240586"
480_Geneve_vertex1,"6.157896,46.240615"
480_Geneve_vertex2,"6.156563,46.242158"
481_Geneve_center,"6.15523,46.243701"
481_Geneve_vertex1,"6.157823,46.243731"
481_Geneve_vertex2,"6.15649,46.245274"
482_Geneve_center,"6.155157,46.246817"
482_Geneve_vertex1,"6.15775,46.246847"
482_Geneve_vertex2,"6.156416,46.24839"
483_Geneve_center,"6.16106,46.161178"
483_Geneve_vertex1,"6.163649,46.161207"
483_Geneve_vertex2,"6.162318,46.162751"
483_Geneve_vertex5,"6.159802,46.159605"
483_Geneve_vertex6,"6.162391,46.159635"
484_Geneve_center,"6.160987,46.164294"
484_Geneve_vertex1,"6.163576,46.164323"
484_Geneve_vertex2,"6.162245,46.165866"
485_Geneve_center,"6.160914,46.16741"
485_Geneve_vertex1,"6.163503,46.167439"
485_Geneve_vertex2,"6.162172,46.168982"
486_Geneve_center,"6.160841,46.170525"
486_Geneve_vertex1,"6.16343,46.170555"
486_Geneve_vertex2,"6.162099,46.172098"
487_Geneve_center,"6.160768,46.173641"
487_Geneve_vertex1,"6.163357,46.17367"
487_Geneve_vertex2,"6.162026,46.175214"
488_Geneve_center,"6.160695,46.176757"
488_Geneve_vertex1,"6.163284,46.176786"
488_Geneve_vertex2,"6.161953,46.178329"
489_Geneve_center,"6.160621,46.179873"
489_Geneve_vertex1,"6.163211,46.179902"
489_Geneve_vertex2,"6.16188,46.181445"
490_Geneve_center,"6.160548,46.182988"
490_Geneve_vertex1,"6.163138,46.183018"
490_Geneve_vertex2,"6.161807,46.184561"
491_Geneve_center,"6.160475,46.186104"
491_Geneve_vertex1,"6.163065,46.186133"
491_Geneve_vertex2,"6.161733,46.187677"
492_Geneve_center,"6.160402,46.18922"
492_Geneve_vertex1,"6.162992,46.189249"
492_Geneve_vertex2,"6.16166,46.190792"
493_Geneve_center,"6.160329,46.192336"
493_Geneve_vertex1,"6.162919,46.192365"
493_Geneve_vertex2,"6.161587,46.193908"
494_Geneve_center,"6.160255,46.195451"
494_Geneve_vertex1,"6.162846,46.195481"
494_Geneve_vertex2,"6.161514,46.197024"
495_Geneve_center,"6.160182,46.198567"
495_Geneve_vertex1,"6.162773,46.198596"
495_Geneve_vertex2,"6.161441,46.20014"
496_Geneve_center,"6.160109,46.201683"
496_Geneve_vertex1,"6.1627,46.201712"
496_Geneve_vertex2,"6.161368,46.203255"
497_Geneve_center,"6.160036,46.204799"
497_Geneve_vertex1,"6.162627,46.204828"
497_Geneve_vertex2,"6.161294,46.206371"
498_Geneve_center,"6.159962,46.207914"
498_Geneve_vertex1,"6.162553,46.207944"
498_Geneve_vertex2,"6.161221,46.209487"
499_Geneve_center,"6.159889,46.21103"
499_Geneve_vertex1,"6.16248,46.211059"
499_Geneve_vertex2,"6.161148,46.212603"
500_Geneve_center,"6.159816,46.214146"
500_Geneve_vertex1,"6.162407,46.214175"
500_Geneve_vertex2,"6.161075,46.215718"
501_Geneve_center,"6.159743,46.217262"
501_Geneve_vertex1,"6.162334,46.217291"
501_Geneve_vertex2,"6.161002,46.218834"
502_Geneve_center,"6.159669,46.220377"
502_Geneve_vertex1,"6.162261,46.220407"
502_Geneve_vertex2,"6.160929,46.22195"
503_Geneve_center,"6.159596,46.223493"
503_Geneve_vertex1,"6.162188,46.223522"
503_Geneve_vertex2,"6.160855,46.225066"
504_Geneve_center,"6.159523,46.226609"
504_Geneve_vertex1,"6.162115,46.226638"
504_Geneve_vertex2,"6.160782,46.228181"
505_Geneve_center,"6.159449,46.229725"
505_Geneve_vertex1,"6.162041,46.229754"
505_Geneve_vertex2,"6.160709,46.231297"
506_Geneve_center,"6.159376,46.23284"
506_Geneve_vertex1,"6.161968,46.23287"
506_Geneve_vertex2,"6.160636,46.234413"
507_Geneve_center,"6.159303,46.235956"
507_Geneve_vertex1,"6.161895,46.235985"
507_Geneve_vertex2,"6.160562,46.237529"
508_Geneve_center,"6.159229,46.239072"
508_Geneve_vertex1,"6.161822,46.239101"
508_Geneve_vertex2,"6.160489,46.240644"
509_Geneve_center,"6.159156,46.242188"
509_Geneve_vertex1,"6.161749,46.242217"
509_Geneve_vertex2,"6.160416,46.24376"
510_Geneve_center,"6.159083,46.245303"
510_Geneve_vertex1,"6.161676,46.245333"
510_Geneve_vertex2,"6.160342,46.246876"
511_Geneve_center,"6.164907,46.16278"
511_Geneve_vertex1,"6.167496,46.162809"
511_Geneve_vertex2,"6.166165,46.164352"
511_Geneve_vertex6,"6.166238,46.161237"
512_Geneve_center,"6.164834,46.165896"
512_Geneve_vertex1,"6.167423,46.165925"
512_Geneve_vertex2,"6.166092,46.167468"
513_Geneve_center,"6.164761,46.169011"
513_Geneve_vertex1,"6.16735,46.169041"
513_Geneve_vertex2,"6.166019,46.170584"
514_Geneve_center,"6.164688,46.172127"
514_Geneve_vertex1,"6.167278,46.172156"
514_Geneve_vertex2,"6.165946,46.1737"
515_Geneve_center,"6.164615,46.175243"
515_Geneve_vertex1,"6.167205,46.175272"
515_Geneve_vertex2,"6.165874,46.176815"
516_Geneve_center,"6.164542,46.178359"
516_Geneve_vertex1,"6.167132,46.178388"
516_Geneve_vertex2,"6.165801,46.179931"
517_Geneve_center,"6.164469,46.181474"
517_Geneve_vertex1,"6.167059,46.181504"
517_Geneve_vertex2,"6.165728,46.183047"
518_Geneve_center,"6.164396,46.18459"
518_Geneve_vertex1,"6.166986,46.184619"
518_Geneve_vertex2,"6.165655,46.186163"
519_Geneve_center,"6.164323,46.187706"
519_Geneve_vertex1,"6.166914,46.187735"
519_Geneve_vertex2,"6.165582,46.189278"
520_Geneve_center,"6.16425,46.190822"
520_Geneve_vertex1,"6.166841,46.190851"
520_Geneve_vertex2,"6.165509,46.192394"
521_Geneve_center,"6.164177,46.193937"
521_Geneve_vertex1,"6.166768,46.193967"
521_Geneve_vertex2,"6.165436,46.19551"
522_Geneve_center,"6.164104,46.197053"
522_Geneve_vertex1,"6.166695,46.197082"
522_Geneve_vertex2,"6.165363,46.198626"
523_Geneve_center,"6.164031,46.200169"
523_Geneve_vertex1,"6.166622,46.200198"
523_Geneve_vertex2,"6.16529,46.201741"
524_Geneve_center,"6.163958,46.203285"
524_Geneve_vertex1,"6.166549,46.203314"
524_Geneve_vertex2,"6.165217,46.204857"
525_Geneve_center,"6.163885,46.2064"
525_Geneve_vertex1,"6.166476,46.20643"
525_Geneve_vertex2,"6.165144,46.207973"
526_Geneve_center,"6.163812,46.209516"
526_Geneve_vertex1,"6.166403,46.209545"
526_Geneve_vertex2,"6.165071,46.211089"
527_Geneve_center,"6.163739,46.212632"
527_Geneve_vertex1,"6.166331,46.212661"
527_Geneve_vertex2,"6.164998,46.214204"
528_Geneve_center,"6.163666,46.215748"
528_Geneve_vertex1,"6.166258,46.215777"
528_Geneve_vertex2,"6.164926,46.21732"
529_Geneve_center,"6.163593,46.218863"
529_Geneve_vertex1,"6.166185,46.218893"
529_Geneve_vertex2,"6.164853,46.220436"
530_Geneve_center,"6.16352,46.221979"
530_Geneve_vertex1,"6.166112,46.222008"
530_Geneve_vertex2,"6.16478,46.223552"
531_Geneve_center,"6.163447,46.225095"
531_Geneve_vertex1,"6.166039,46.225124"
531_Geneve_vertex2,"6.164707,46.226667"
532_Geneve_center,"6.163374,46.228211"
532_Geneve_vertex1,"6.165966,46.22824"
532_Geneve_vertex2,"6.164634,46.229783"
533_Geneve_center,"6.163301,46.231326"
533_Geneve_vertex1,"6.165893,46.231356"
533_Geneve_vertex2,"6.16456,46.232899"
534_Geneve_center,"6.163228,46.234442"
534_Geneve_vertex1,"6.16582,46.234471"
534_Geneve_vertex2,"6.164487,46.236015"
535_Geneve_center,"6.163155,46.237558"
535_Geneve_vertex1,"6.165747,46.237587"
535_Geneve_vertex2,"6.164414,46.23913"
536_Geneve_center,"6.163082,46.240674"
536_Geneve_vertex1,"6.165674,46.240703"
536_Geneve_vertex2,"6.164341,46.242246"
537_Geneve_center,"6.163009,46.243789"
537_Geneve_vertex1,"6.165601,46.243819"
537_Geneve_vertex2,"6.164268,46.245362"
538_Geneve_center,"6.162935,46.246905"
538_Geneve_vertex1,"6.165528,46.246934"
538_Geneve_vertex2,"6.164195,46.248478"
538_Geneve_vertex3,"6.161602,46.248448"
539_Geneve_center,"6.168754,46.164382"
539_Geneve_vertex1,"6.171343,46.164411"
539_Geneve_vertex2,"6.170012,46.165954"
539_Geneve_vertex6,"6.170085,46.162838"
540_Geneve_center,"6.168681,46.167497"
540_Geneve_vertex1,"6.17127,46.167526"
540_Geneve_vertex2,"6.16994,46.16907"
541_Geneve_center,"6.168609,46.170613"
541_Geneve_vertex1,"6.171198,46.170642"
541_Geneve_vertex2,"6.169867,46.172185"
542_Geneve_center,"6.168536,46.173729"
542_Geneve_vertex1,"6.171125,46.173758"
542_Geneve_vertex2,"6.169794,46.175301"
543_Geneve_center,"6.168463,46.176845"
543_Geneve_vertex1,"6.171053,46.176874"
543_Geneve_vertex2,"6.169722,46.178417"
544_Geneve_center,"6.16839,46.17996"
544_Geneve_vertex1,"6.17098,46.179989"
544_Geneve_vertex2,"6.169649,46.181533"
545_Geneve_center,"6.168318,46.183076"
545_Geneve_vertex1,"6.170907,46.183105"
545_Geneve_vertex2,"6.169576,46.184648"
546_Geneve_center,"6.168245,46.186192"
546_Geneve_vertex1,"6.170835,46.186221"
546_Geneve_vertex2,"6.169504,46.187764"
547_Geneve_center,"6.168172,46.189308"
547_Geneve_vertex1,"6.170762,46.189337"
547_Geneve_vertex2,"6.169431,46.19088"
548_Geneve_center,"6.168099,46.192423"
548_Geneve_vertex1,"6.17069,46.192452"
548_Geneve_vertex2,"6.169358,46.193996"
549_Geneve_center,"6.168027,46.195539"
549_Geneve_vertex1,"6.170617,46.195568"
549_Geneve_vertex2,"6.169285,46.197112"
550_Geneve_center,"6.167954,46.198655"
550_Geneve_vertex1,"6.170544,46.198684"
550_Geneve_vertex2,"6.169213,46.200227"
551_Geneve_center,"6.167881,46.201771"
551_Geneve_vertex1,"6.170472,46.2018"
551_Geneve_vertex2,"6.16914,46.203343"
552_Geneve_center,"6.167808,46.204886"
552_Geneve_vertex1,"6.170399,46.204915"
552_Geneve_vertex2,"6.169067,46.206459"
553_Geneve_center,"6.167735,46.208002"
553_Geneve_vertex1,"6.170326,46.208031"
553_Geneve_vertex2,"6.168995,46.209575"
554_Geneve_center,"6.167663,46.211118"
554_Geneve_vertex1,"6.170254,46.211147"
554_Geneve_vertex2,"6.168922,46.21269"
555_Geneve_center,"6.16759,46.214234"
555_Geneve_vertex1,"6.170181,46.214263"
555_Geneve_vertex2,"6.168849,46.215806"
556_Geneve_center,"6.167517,46.217349"
556_Geneve_vertex1,"6.170108,46.217379"
556_Geneve_vertex2,"6.168776,46.218922"
557_Geneve_center,"6.167444,46.220465"
557_Geneve_vertex1,"6.170036,46.220494"
557_Geneve_vertex2,"6.168704,46.222038"
558_Geneve_center,"6.167371,46.223581"
558_Geneve_vertex1,"6.169963,46.22361"
558_Geneve_vertex2,"6.168631,46.225153"
559_Geneve_center,"6.167298,46.226697"
559_Geneve_vertex1,"6.16989,46.226726"
559_Geneve_vertex2,"6.168558,46.228269"
560_Geneve_center,"6.167226,46.229812"
560_Geneve_vertex1,"6.169818,46.229842"
560_Geneve_vertex2,"6.168485,46.231385"
561_Geneve_center,"6.167153,46.232928"
561_Geneve_vertex1,"6.169745,46.232957"
561_Geneve_vertex2,"6.168412,46.234501"
562_Geneve_center,"6.16708,46.236044"
562_Geneve_vertex1,"6.169672,46.236073"
562_Geneve_vertex2,"6.16834,46.237616"
563_Geneve_center,"6.167007,46.23916"
563_Geneve_vertex1,"6.169599,46.239189"
563_Geneve_vertex2,"6.168267,46.240732"
564_Geneve_center,"6.166934,46.242275"
564_Geneve_vertex1,"6.169527,46.242305"
564_Geneve_vertex2,"6.168194,46.243848"
565_Geneve_center,"6.166861,46.245391"
565_Geneve_vertex1,"6.169454,46.24542"
565_Geneve_vertex2,"6.168121,46.246964"
566_Geneve_center,"6.172601,46.165983"
566_Geneve_vertex1,"6.17519,46.166012"
566_Geneve_vertex2,"6.173859,46.167555"
566_Geneve_vertex6,"6.173932,46.16444"
567_Geneve_center,"6.172529,46.169099"
567_Geneve_vertex1,"6.175118,46.169128"
567_Geneve_vertex2,"6.173787,46.170671"
568_Geneve_center,"6.172456,46.172215"
568_Geneve_vertex1,"6.175046,46.172244"
568_Geneve_vertex2,"6.173715,46.173787"
569_Geneve_center,"6.172384,46.17533"
569_Geneve_vertex1,"6.174973,46.175359"
569_Geneve_vertex2,"6.173642,46.176903"
570_Geneve_center,"6.172311,46.178446"
570_Geneve_vertex1,"6.174901,46.178475"
570_Geneve_vertex2,"6.17357,46.180019"
571_Geneve_center,"6.172239,46.181562"
571_Geneve_vertex1,"6.174828,46.181591"
571_Geneve_vertex2,"6.173497,46.183134"
572_Geneve_center,"6.172166,46.184678"
572_Geneve_vertex1,"6.174756,46.184707"
572_Geneve_vertex2,"6.173425,46.18625"
573_Geneve_center,"6.172094,46.187793"
573_Geneve_vertex1,"6.174684,46.187822"
573_Geneve_vertex2,"6.173352,46.189366"
574_Geneve_center,"6.172021,46.190909"
574_Geneve_vertex1,"6.174611,46.190938"
574_Geneve_vertex2,"6.17328,46.192482"
575_Geneve_center,"6.171949,46.194025"
575_Geneve_vertex1,"6.174539,46.194054"
575_Geneve_vertex2,"6.173207,46.195597"
576_Geneve_center,"6.171876,46.197141"
576_Geneve_vertex1,"6.174466,46.19717"
576_Geneve_vertex2,"6.173135,46.198713"
577_Geneve_center,"6.171803,46.200256"
577_Geneve_vertex1,"6.174394,46.200285"
577_Geneve_vertex2,"6.173063,46.201829"
578_Geneve_center,"6.171731,46.203372"
578_Geneve_vertex1,"6.174322,46.203401"
578_Geneve_vertex2,"6.17299,46.204945"
579_Geneve_center,"6.171658,46.206488"
579_Geneve_vertex1,"6.174249,46.206517"
579_Geneve_vertex2,"6.172917,46.20806"
580_Geneve_center,"6.171586,46.209604"
580_Geneve_vertex1,"6.174177,46.209633"
580_Geneve_vertex2,"6.172845,46.211176"
581_Geneve_center,"6.171513,46.212719"
581_Geneve_vertex1,"6.174104,46.212749"
581_Geneve_vertex2,"6.172772,46.214292"
582_Geneve_center,"6.17144,46.215835"
582_Geneve_vertex1,"6.174032,46.215864"
582_Geneve_vertex2,"6.1727,46.217408"
583_Geneve_center,"6.171368,46.218951"
583_Geneve_vertex1,"6.173959,46.21898"
583_Geneve_vertex2,"6.172627,46.220523"
584_Geneve_center,"6.171295,46.222067"
584_Geneve_vertex1,"6.173887,46.222096"
584_Geneve_vertex2,"6.172555,46.223639"
585_Geneve_center,"6.171223,46.225182"
585_Geneve_vertex1,"6.173814,46.225212"
585_Geneve_vertex2,"6.172482,46.226755"
586_Geneve_center,"6.17115,46.228298"
586_Geneve_vertex1,"6.173742,46.228327"
586_Geneve_vertex2,"6.17241,46.229871"
587_Geneve_center,"6.171077,46.231414"
587_Geneve_vertex1,"6.173669,46.231443"
587_Geneve_vertex2,"6.172337,46.232986"
588_Geneve_center,"6.171005,46.23453"
588_Geneve_vertex1,"6.173597,46.234559"
588_Geneve_vertex2,"6.172265,46.236102"
589_Geneve_center,"6.170932,46.237646"
589_Geneve_vertex1,"6.173524,46.237675"
589_Geneve_vertex2,"6.172192,46.239218"
590_Geneve_center,"6.170859,46.240761"
590_Geneve_vertex1,"6.173452,46.24079"
590_Geneve_vertex2,"6.172119,46.242334"
591_Geneve_center,"6.170787,46.243877"
591_Geneve_vertex1,"6.173379,46.243906"
591_Geneve_vertex2,"6.172047,46.24545"
592_Geneve_center,"6.176449,46.167585"
592_Geneve_vertex1,"6.179038,46.167613"
592_Geneve_vertex2,"6.177707,46.169157"
592_Geneve_vertex6,"6.177779,46.166041"
593_Geneve_center,"6.176376,46.1707"
593_Geneve_vertex1,"6.178966,46.170729"
593_Geneve_vertex2,"6.177635,46.172273"
594_Geneve_center,"6.176304,46.173816"
594_Geneve_vertex1,"6.178893,46.173845"
594_Geneve_vertex2,"6.177563,46.175388"
595_Geneve_center,"6.176232,46.176932"
595_Geneve_vertex1,"6.178821,46.176961"
595_Geneve_vertex2,"6.17749,46.178504"
596_Geneve_center,"6.176159,46.180048"
596_Geneve_vertex1,"6.178749,46.180076"
596_Geneve_vertex2,"6.177418,46.18162"
597_Geneve_center,"6.176087,46.183163"
597_Geneve_vertex1,"6.178677,46.183192"
597_Geneve_vertex2,"6.177346,46.184736"
598_Geneve_center,"6.176015,46.186279"
598_Geneve_vertex1,"6.178605,46.186308"
598_Geneve_vertex2,"6.177274,46.187851"
599_Geneve_center,"6.175943,46.189395"
599_Geneve_vertex1,"6.178533,46.189424"
599_Geneve_vertex2,"6.177202,46.190967"
600_Geneve_center,"6.17587,46.192511"
600_Geneve_vertex1,"6.178461,46.19254"
600_Geneve_vertex2,"6.177129,46.194083"
601_Geneve_center,"6.175798,46.195626"
601_Geneve_vertex1,"6.178388,46.195655"
601_Geneve_vertex2,"6.177057,46.197199"
602_Geneve_center,"6.175726,46.198742"
602_Geneve_vertex1,"6.178316,46.198771"
602_Geneve_vertex2,"6.176985,46.200314"
603_Geneve_center,"6.175653,46.201858"
603_Geneve_vertex1,"6.178244,46.201887"
603_Geneve_vertex2,"6.176912,46.20343"
604_Geneve_center,"6.175581,46.204974"
604_Geneve_vertex1,"6.178172,46.205003"
604_Geneve_vertex2,"6.17684,46.206546"
605_Geneve_center,"6.175509,46.208089"
605_Geneve_vertex1,"6.1781,46.208118"
605_Geneve_vertex2,"6.176768,46.209662"
606_Geneve_center,"6.175436,46.211205"
606_Geneve_vertex1,"6.178027,46.211234"
606_Geneve_vertex2,"6.176696,46.212778"
607_Geneve_center,"6.175364,46.214321"
607_Geneve_vertex1,"6.177955,46.21435"
607_Geneve_vertex2,"6.176623,46.215893"
608_Geneve_center,"6.175291,46.217437"
608_Geneve_vertex1,"6.177883,46.217466"
608_Geneve_vertex2,"6.176551,46.219009"
609_Geneve_center,"6.175219,46.220552"
609_Geneve_vertex1,"6.177811,46.220581"
609_Geneve_vertex2,"6.176479,46.222125"
610_Geneve_center,"6.175147,46.223668"
610_Geneve_vertex1,"6.177738,46.223697"
610_Geneve_vertex2,"6.176406,46.225241"
611_Geneve_center,"6.175074,46.226784"
611_Geneve_vertex1,"6.177666,46.226813"
611_Geneve_vertex2,"6.176334,46.228356"
612_Geneve_center,"6.175002,46.2299"
612_Geneve_vertex1,"6.177594,46.229929"
612_Geneve_vertex2,"6.176262,46.231472"
613_Geneve_center,"6.174929,46.233015"
613_Geneve_vertex1,"6.177522,46.233044"
613_Geneve_vertex2,"6.176189,46.234588"
614_Geneve_center,"6.174857,46.236131"
614_Geneve_vertex1,"6.177449,46.23616"
614_Geneve_vertex2,"6.176117,46.237704"
615_Geneve_center,"6.174784,46.239247"
615_Geneve_vertex1,"6.177377,46.239276"
615_Geneve_vertex2,"6.176045,46.240819"
616_Geneve_center,"6.174712,46.242363"
616_Geneve_vertex1,"6.177305,46.242392"
616_Geneve_vertex2,"6.175972,46.243935"
617_Geneve_center,"6.180296,46.169186"
617_Geneve_vertex1,"6.182885,46.169215"
617_Geneve_vertex2,"6.181555,46.170758"
617_Geneve_vertex6,"6.181627,46.167642"
618_Geneve_center,"6.180224,46.172302"
618_Geneve_vertex1,"6.182813,46.17233"
618_Geneve_vertex2,"6.181483,46.173874"
619_Geneve_center,"6.180152,46.175417"
619_Geneve_vertex1,"6.182742,46.175446"
619_Geneve_vertex2,"6.181411,46.17699"
620_Geneve_center,"6.18008,46.178533"
620_Geneve_vertex1,"6.18267,46.178562"
620_Geneve_vertex2,"6.181339,46.180105"
621_Geneve_center,"6.180008,46.181649"
621_Geneve_vertex1,"6.182598,46.181678"
621_Geneve_vertex2,"6.181267,46.183221"
622_Geneve_center,"6.179936,46.184765"
622_Geneve_vertex1,"6.182526,46.184793"
622_Geneve_vertex2,"6.181195,46.186337"
623_Geneve_center,"6.179864,46.18788"
623_Geneve_vertex1,"6.182454,46.187909"
623_Geneve_vertex2,"6.181123,46.189453"
624_Geneve_center,"6.179792,46.190996"
624_Geneve_vertex1,"6.182382,46.191025"
624_Geneve_vertex2,"6.181051,46.192568"
625_Geneve_center,"6.17972,46.194112"
625_Geneve_vertex1,"6.18231,46.194141"
625_Geneve_vertex2,"6.180979,46.195684"
626_Geneve_center,"6.179648,46.197228"
626_Geneve_vertex1,"6.182238,46.197257"
626_Geneve_vertex2,"6.180907,46.1988"
627_Geneve_center,"6.179575,46.200343"
627_Geneve_vertex1,"6.182166,46.200372"
627_Geneve_vertex2,"6.180835,46.201916"
628_Geneve_center,"6.179503,46.203459"
628_Geneve_vertex1,"6.182094,46.203488"
628_Geneve_vertex2,"6.180763,46.205032"
629_Geneve_center,"6.179431,46.206575"
629_Geneve_vertex1,"6.182022,46.206604"
629_Geneve_vertex2,"6.180691,46.208147"
630_Geneve_center,"6.179359,46.209691"
630_Geneve_vertex1,"6.18195,46.20972"
630_Geneve_vertex2,"6.180619,46.211263"
631_Geneve_center,"6.179287,46.212806"
631_Geneve_vertex1,"6.181878,46.212835"
631_Geneve_vertex2,"6.180546,46.214379"
632_Geneve_center,"6.179215,46.215922"
632_Geneve_vertex1,"6.181806,46.215951"
632_Geneve_vertex2,"6.180474,46.217495"
633_Geneve_center,"6.179143,46.219038"
633_Geneve_vertex1,"6.181734,46.219067"
633_Geneve_vertex2,"6.180402,46.22061"
634_Geneve_center,"6.17907,46.222154"
634_Geneve_vertex1,"6.181662,46.222183"
634_Geneve_vertex2,"6.18033,46.223726"
635_Geneve_center,"6.178998,46.22527"
635_Geneve_vertex1,"6.18159,46.225298"
635_Geneve_vertex2,"6.180258,46.226842"
636_Geneve_center,"6.178926,46.228385"
636_Geneve_vertex1,"6.181518,46.228414"
636_Geneve_vertex2,"6.180186,46.229958"
637_Geneve_center,"6.178854,46.231501"
637_Geneve_vertex1,"6.181446,46.23153"
637_Geneve_vertex2,"6.180114,46.233073"
638_Geneve_center,"6.178782,46.234617"
638_Geneve_vertex1,"6.181374,46.234646"
638_Geneve_vertex2,"6.180042,46.236189"
639_Geneve_center,"6.178709,46.237733"
639_Geneve_vertex1,"6.181302,46.237762"
639_Geneve_vertex2,"6.179969,46.239305"
640_Geneve_center,"6.178637,46.240848"
640_Geneve_vertex1,"6.18123,46.240877"
640_Geneve_vertex2,"6.179897,46.242421"
641_Geneve_center,"6.184144,46.170787"
641_Geneve_vertex1,"6.186733,46.170816"
641_Geneve_vertex2,"6.185403,46.172359"
641_Geneve_vertex6,"6.185475,46.169243"
642_Geneve_center,"6.184072,46.173903"
642_Geneve_vertex1,"6.186662,46.173931"
642_Geneve_vertex2,"6.185331,46.175475"
643_Geneve_center,"6.184,46.177018"
643_Geneve_vertex1,"6.18659,46.177047"
643_Geneve_vertex2,"6.185259,46.178591"
644_Geneve_center,"6.183929,46.180134"
644_Geneve_vertex1,"6.186518,46.180163"
644_Geneve_vertex2,"6.185188,46.181707"
645_Geneve_center,"6.183857,46.18325"
645_Geneve_vertex1,"6.186447,46.183279"
645_Geneve_vertex2,"6.185116,46.184822"
646_Geneve_center,"6.183785,46.186366"
646_Geneve_vertex1,"6.186375,46.186395"
646_Geneve_vertex2,"6.185044,46.187938"
647_Geneve_center,"6.183713,46.189482"
647_Geneve_vertex1,"6.186303,46.18951"
647_Geneve_vertex2,"6.184972,46.191054"
648_Geneve_center,"6.183641,46.192597"
648_Geneve_vertex1,"6.186231,46.192626"
648_Geneve_vertex2,"6.1849,46.19417"
649_Geneve_center,"6.183569,46.195713"
649_Geneve_vertex1,"6.18616,46.195742"
649_Geneve_vertex2,"6.184829,46.197285"
650_Geneve_center,"6.183497,46.198829"
650_Geneve_vertex1,"6.186088,46.198858"
650_Geneve_vertex2,"6.184757,46.200401"
651_Geneve_center,"6.183425,46.201945"
651_Geneve_vertex1,"6.186016,46.201973"
651_Geneve_vertex2,"6.184685,46.203517"
652_Geneve_center,"6.183354,46.20506"
652_Geneve_vertex1,"6.185944,46.205089"
652_Geneve_vertex2,"6.184613,46.206633"
653_Geneve_center,"6.183282,46.208176"
653_Geneve_vertex1,"6.185873,46.208205"
653_Geneve_vertex2,"6.184541,46.209748"
654_Geneve_center,"6.18321,46.211292"
654_Geneve_vertex1,"6.185801,46.211321"
654_Geneve_vertex2,"6.184469,46.212864"
655_Geneve_center,"6.183138,46.214408"
655_Geneve_vertex1,"6.185729,46.214436"
655_Geneve_vertex2,"6.184397,46.21598"
656_Geneve_center,"6.183066,46.217523"
656_Geneve_vertex1,"6.185657,46.217552"
656_Geneve_vertex2,"6.184326,46.219096"
657_Geneve_center,"6.182994,46.220639"
657_Geneve_vertex1,"6.185586,46.220668"
657_Geneve_vertex2,"6.184254,46.222211"
658_Geneve_center,"6.182922,46.223755"
658_Geneve_vertex1,"6.185514,46.223784"
658_Geneve_vertex2,"6.184182,46.225327"
659_Geneve_center,"6.18285,46.226871"
659_Geneve_vertex1,"6.185442,46.2269"
659_Geneve_vertex2,"6.18411,46.228443"
660_Geneve_center,"6.182778,46.229987"
660_Geneve_vertex1,"6.18537,46.230015"
660_Geneve_vertex2,"6.184038,46.231559"
661_Geneve_center,"6.182706,46.233102"
661_Geneve_vertex1,"6.185298,46.233131"
661_Geneve_vertex2,"6.183966,46.234675"
662_Geneve_center,"6.182634,46.236218"
662_Geneve_vertex1,"6.185226,46.236247"
662_Geneve_vertex2,"6.183894,46.23779"
663_Geneve_center,"6.182562,46.239334"
663_Geneve_vertex1,"6.185155,46.239363"
663_Geneve_vertex2,"6.183822,46.240906"
664_Geneve_center,"6.187992,46.172388"
664_Geneve_vertex1,"6.190582,46.172417"
664_Geneve_vertex2,"6.189251,46.17396"
664_Geneve_vertex6,"6.189323,46.170844"
665_Geneve_center,"6.187921,46.175504"
665_Geneve_vertex1,"6.19051,46.175532"
665_Geneve_vertex2,"6.18918,46.177076"
666_Geneve_center,"6.187849,46.17862"
666_Geneve_vertex1,"6.190439,46.178648"
666_Geneve_vertex2,"6.189108,46.180192"
667_Geneve_center,"6.187777,46.181735"
667_Geneve_vertex1,"6.190367,46.181764"
667_Geneve_vertex2,"6.189036,46.183308"
668_Geneve_center,"6.187706,46.184851"
668_Geneve_vertex1,"6.190296,46.18488"
668_Geneve_vertex2,"6.188965,46.186423"
669_Geneve_center,"6.187634,46.187967"
669_Geneve_vertex1,"6.190224,46.187996"
669_Geneve_vertex2,"6.188893,46.189539"
670_Geneve_center,"6.187562,46.191083"
670_Geneve_vertex1,"6.190153,46.191111"
670_Geneve_vertex2,"6.188822,46.192655"
671_Geneve_center,"6.187491,46.194198"
671_Geneve_vertex1,"6.190081,46.194227"
671_Geneve_vertex2,"6.18875,46.195771"
672_Geneve_center,"6.187419,46.197314"
672_Geneve_vertex1,"6.19001,46.197343"
672_Geneve_vertex2,"6.188679,46.198886"
673_Geneve_center,"6.187347,46.20043"
673_Geneve_vertex1,"6.189938,46.200459"
673_Geneve_vertex2,"6.188607,46.202002"
674_Geneve_center,"6.187276,46.203546"
674_Geneve_vertex1,"6.189867,46.203574"
674_Geneve_vertex2,"6.188535,46.205118"
675_Geneve_center,"6.187204,46.206661"
675_Geneve_vertex1,"6.189795,46.20669"
675_Geneve_vertex2,"6.188464,46.208234"
676_Geneve_center,"6.187132,46.209777"
676_Geneve_vertex1,"6.189723,46.209806"
676_Geneve_vertex2,"6.188392,46.211349"
677_Geneve_center,"6.187061,46.212893"
677_Geneve_vertex1,"6.189652,46.212922"
677_Geneve_vertex2,"6.18832,46.214465"
678_Geneve_center,"6.186989,46.216009"
678_Geneve_vertex1,"6.18958,46.216037"
678_Geneve_vertex2,"6.188249,46.217581"
679_Geneve_center,"6.186917,46.219125"
679_Geneve_vertex1,"6.189509,46.219153"
679_Geneve_vertex2,"6.188177,46.220697"
680_Geneve_center,"6.186845,46.22224"
680_Geneve_vertex1,"6.189437,46.222269"
680_Geneve_vertex2,"6.188105,46.223813"
681_Geneve_center,"6.186774,46.225356"
681_Geneve_vertex1,"6.189366,46.225385"
681_Geneve_vertex2,"6.188034,46.226928"
682_Geneve_center,"6.186702,46.228472"
682_Geneve_vertex1,"6.189294,46.228501"
682_Geneve_vertex2,"6.187962,46.230044"
683_Geneve_center,"6.18663,46.231588"
683_Geneve_vertex1,"6.189222,46.231616"
683_Geneve_vertex2,"6.18789,46.23316"
684_Geneve_center,"6.186558,46.234703"
684_Geneve_vertex1,"6.189151,46.234732"
684_Geneve_vertex2,"6.187819,46.236276"
685_Geneve_center,"6.186487,46.237819"
685_Geneve_vertex1,"6.189079,46.237848"
685_Geneve_vertex2,"6.187747,46.239391"
686_Geneve_center,"6.191769,46.177105"
686_Geneve_vertex1,"6.194359,46.177133"
686_Geneve_vertex2,"6.193028,46.178677"
686_Geneve_vertex6,"6.1931,46.175561"
687_Geneve_center,"6.191698,46.18022"
687_Geneve_vertex1,"6.194287,46.180249"
687_Geneve_vertex2,"6.192957,46.181793"
688_Geneve_center,"6.191626,46.183336"
688_Geneve_vertex1,"6.194216,46.183365"
688_Geneve_vertex2,"6.192886,46.184908"
689_Geneve_center,"6.191555,46.186452"
689_Geneve_vertex1,"6.194145,46.186481"
689_Geneve_vertex2,"6.192814,46.188024"
690_Geneve_center,"6.191483,46.189568"
690_Geneve_vertex1,"6.194074,46.189596"
690_Geneve_vertex2,"6.192743,46.19114"
691_Geneve_center,"6.191412,46.192683"
691_Geneve_vertex1,"6.194002,46.192712"
691_Geneve_vertex2,"6.192671,46.194256"
692_Geneve_center,"6.191341,46.195799"
692_Geneve_vertex1,"6.193931,46.195828"
692_Geneve_vertex2,"6.1926,46.197371"
693_Geneve_center,"6.191269,46.198915"
693_Geneve_vertex1,"6.19386,46.198944"
693_Geneve_vertex2,"6.192529,46.200487"
694_Geneve_center,"6.191198,46.202031"
694_Geneve_vertex1,"6.193788,46.202059"
694_Geneve_vertex2,"6.192457,46.203603"
695_Geneve_center,"6.191126,46.205147"
695_Geneve_vertex1,"6.193717,46.205175"
695_Geneve_vertex2,"6.192386,46.206719"
696_Geneve_center,"6.191055,46.208262"
696_Geneve_vertex1,"6.193646,46.208291"
696_Geneve_vertex2,"6.192315,46.209835"
697_Geneve_center,"6.190983,46.211378"
697_Geneve_vertex1,"6.193574,46.211407"
697_Geneve_vertex2,"6.192243,46.21295"
698_Geneve_center,"6.190912,46.214494"
698_Geneve_vertex1,"6.193503,46.214523"
698_Geneve_vertex2,"6.192172,46.216066"
699_Geneve_center,"6.19084,46.21761"
699_Geneve_vertex1,"6.193432,46.217638"
699_Geneve_vertex2,"6.1921,46.219182"
700_Geneve_center,"6.190769,46.220725"
700_Geneve_vertex1,"6.19336,46.220754"
700_Geneve_vertex2,"6.192029,46.222298"
701_Geneve_center,"6.190697,46.223841"
701_Geneve_vertex1,"6.193289,46.22387"
701_Geneve_vertex2,"6.191957,46.225413"
702_Geneve_center,"6.190626,46.226957"
702_Geneve_vertex1,"6.193218,46.226986"
702_Geneve_vertex2,"6.191886,46.228529"
703_Geneve_center,"6.190554,46.230073"
703_Geneve_vertex1,"6.193146,46.230101"
703_Geneve_vertex2,"6.191815,46.231645"
704_Geneve_center,"6.190483,46.233189"
704_Geneve_vertex1,"6.193075,46.233217"
704_Geneve_vertex2,"6.191743,46.234761"
705_Geneve_center,"6.195618,46.178705"
705_Geneve_vertex1,"6.198207,46.178734"
705_Geneve_vertex2,"6.196877,46.180278"
705_Geneve_vertex6,"6.196948,46.177162"
706_Geneve_center,"6.195547,46.181821"
706_Geneve_vertex1,"6.198136,46.18185"
706_Geneve_vertex2,"6.196806,46.183393"
707_Geneve_center,"6.195475,46.184937"
707_Geneve_vertex1,"6.198065,46.184965"
707_Geneve_vertex2,"6.196735,46.186509"
708_Geneve_center,"6.195404,46.188053"
708_Geneve_vertex1,"6.197994,46.188081"
708_Geneve_vertex2,"6.196664,46.189625"
709_Geneve_center,"6.195333,46.191168"
709_Geneve_vertex1,"6.197923,46.191197"
709_Geneve_vertex2,"6.196593,46.192741"
710_Geneve_center,"6.195262,46.194284"
710_Geneve_vertex1,"6.197852,46.194313"
710_Geneve_vertex2,"6.196521,46.195856"
711_Geneve_center,"6.195191,46.1974"
711_Geneve_vertex1,"6.197781,46.197429"
711_Geneve_vertex2,"6.19645,46.198972"
712_Geneve_center,"6.195119,46.200516"
712_Geneve_vertex1,"6.19771,46.200544"
712_Geneve_vertex2,"6.196379,46.202088"
713_Geneve_center,"6.195048,46.203632"
713_Geneve_vertex1,"6.197639,46.20366"
713_Geneve_vertex2,"6.196308,46.205204"
714_Geneve_center,"6.194977,46.206747"
714_Geneve_vertex1,"6.197568,46.206776"
714_Geneve_vertex2,"6.196237,46.20832"
715_Geneve_center,"6.194906,46.209863"
715_Geneve_vertex1,"6.197497,46.209892"
715_Geneve_vertex2,"6.196166,46.211435"
716_Geneve_center,"6.194834,46.212979"
716_Geneve_vertex1,"6.197426,46.213007"
716_Geneve_vertex2,"6.196094,46.214551"
717_Geneve_center,"6.194763,46.216095"
717_Geneve_vertex1,"6.197355,46.216123"
717_Geneve_vertex2,"6.196023,46.217667"
718_Geneve_center,"6.194692,46.21921"
718_Geneve_vertex1,"6.197283,46.219239"
718_Geneve_vertex2,"6.195952,46.220783"
719_Geneve_center,"6.194621,46.222326"
719_Geneve_vertex1,"6.197212,46.222355"
719_Geneve_vertex2,"6.195881,46.223898"
720_Geneve_center,"6.194549,46.225442"
720_Geneve_vertex1,"6.197141,46.225471"
720_Geneve_vertex2,"6.19581,46.227014"
721_Geneve_center,"6.194478,46.228558"
721_Geneve_vertex1,"6.19707,46.228586"
721_Geneve_vertex2,"6.195738,46.23013"
722_Geneve_center,"6.194407,46.231674"
722_Geneve_vertex1,"6.196999,46.231702"
722_Geneve_vertex2,"6.195667,46.233246"
723_Geneve_center,"6.199396,46.183422"
723_Geneve_vertex1,"6.201986,46.18345"
723_Geneve_vertex2,"6.200655,46.184994"
723_Geneve_vertex6,"6.200726,46.181878"
724_Geneve_center,"6.199325,46.186538"
724_Geneve_vertex1,"6.201915,46.186566"
724_Geneve_vertex2,"6.200584,46.18811"
725_Geneve_center,"6.199254,46.189653"
725_Geneve_vertex1,"6.201844,46.189682"
725_Geneve_vertex2,"6.200514,46.191225"
726_Geneve_center,"6.199183,46.192769"
726_Geneve_vertex1,"6.201773,46.192798"
726_Geneve_vertex2,"6.200443,46.194341"
727_Geneve_center,"6.199112,46.195885"
727_Geneve_vertex1,"6.201702,46.195913"
727_Geneve_vertex2,"6.200372,46.197457"
728_Geneve_center,"6.199041,46.199001"
728_Geneve_vertex1,"6.201632,46.199029"
728_Geneve_vertex2,"6.200301,46.200573"
729_Geneve_center,"6.19897,46.202116"
729_Geneve_vertex1,"6.201561,46.202145"
729_Geneve_vertex2,"6.20023,46.203689"
730_Geneve_center,"6.198899,46.205232"
730_Geneve_vertex1,"6.20149,46.205261"
730_Geneve_vertex2,"6.200159,46.206804"
731_Geneve_center,"6.198828,46.208348"
731_Geneve_vertex1,"6.201419,46.208376"
731_Geneve_vertex2,"6.200088,46.20992"
732_Geneve_center,"6.198757,46.211464"
732_Geneve_vertex1,"6.201348,46.211492"
732_Geneve_vertex2,"6.200017,46.213036"
733_Geneve_center,"6.198686,46.21458"
733_Geneve_vertex1,"6.201277,46.214608"
733_Geneve_vertex2,"6.199946,46.216152"
734_Geneve_center,"6.198615,46.217695"
734_Geneve_vertex1,"6.201206,46.217724"
734_Geneve_vertex2,"6.199875,46.219267"
735_Geneve_center,"6.198544,46.220811"
735_Geneve_vertex1,"6.201135,46.22084"
735_Geneve_vertex2,"6.199804,46.222383"
736_Geneve_center,"6.198473,46.223927"
736_Geneve_vertex1,"6.201064,46.223955"
736_Geneve_vertex2,"6.199733,46.225499"
737_Geneve_center,"6.198402,46.227043"
737_Geneve_vertex1,"6.200994,46.227071"
737_Geneve_vertex2,"6.199662,46.228615"
738_Geneve_center,"6.203175,46.188138"
738_Geneve_vertex1,"6.205765,46.188166"
738_Geneve_vertex2,"6.204434,46.18971"
738_Geneve_vertex6,"6.204505,46.186594"
739_Geneve_center,"6.203104,46.191254"
739_Geneve_vertex1,"6.205694,46.191282"
739_Geneve_vertex2,"6.204364,46.192826"
740_Geneve_center,"6.203033,46.19437"
740_Geneve_vertex1,"6.205623,46.194398"
740_Geneve_vertex2,"6.204293,46.195942"
741_Geneve_center,"6.202962,46.197485"
741_Geneve_vertex1,"6.205553,46.197514"
741_Geneve_vertex2,"6.204222,46.199058"
742_Geneve_center,"6.202891,46.200601"
742_Geneve_vertex1,"6.205482,46.20063"
742_Geneve_vertex2,"6.204151,46.202173"
743_Geneve_center,"6.202821,46.203717"
743_Geneve_vertex1,"6.205412,46.203745"
743_Geneve_vertex2,"6.204081,46.205289"
744_Geneve_center,"6.20275,46.206833"
744_Geneve_vertex1,"6.205341,46.206861"
744_Geneve_vertex2,"6.20401,46.208405"
745_Geneve_center,"6.202679,46.209949"
745_Geneve_vertex1,"6.20527,46.209977"
745_Geneve_vertex2,"6.203939,46.211521"
746_Geneve_center,"6.202608,46.213064"
746_Geneve_vertex1,"6.2052,46.213093"
746_Geneve_vertex2,"6.203869,46.214636"
747_Geneve_center,"6.202537,46.21618"
747_Geneve_vertex1,"6.205129,46.216208"
747_Geneve_vertex2,"6.203798,46.217752"
748_Geneve_center,"6.202467,46.219296"
748_Geneve_vertex1,"6.205058,46.219324"
748_Geneve_vertex2,"6.203727,46.220868"
749_Geneve_center,"6.202396,46.222412"
749_Geneve_vertex1,"6.204987,46.22244"
749_Geneve_vertex2,"6.203656,46.223984"
750_Geneve_center,"6.206813,46.199086"
750_Geneve_vertex1,"6.209403,46.199114"
750_Geneve_vertex2,"6.208073,46.200658"
750_Geneve_vertex6,"6.208143,46.197542"
751_Geneve_center,"6.206742,46.202202"
751_Geneve_vertex1,"6.209333,46.20223"
751_Geneve_vertex2,"6.208002,46.203774"
752_Geneve_center,"6.206672,46.205317"
752_Geneve_vertex1,"6.209263,46.205346"
752_Geneve_vertex2,"6.207932,46.206889"
753_Geneve_center,"6.206601,46.208433"
753_Geneve_vertex1,"6.209192,46.208461"
753_Geneve_vertex2,"6.207861,46.210005"
754_Geneve_center,"6.20653,46.211549"
754_Geneve_vertex1,"6.209122,46.211577"
754_Geneve_vertex2,"6.207791,46.213121"
